,age_end,age_start,area,data_type,effective_sample_size,lower_ci,sex,standard_error,upper_ci,value,year_end,year_start
0,4.0,1.0,europe_western,pf,,1.7e-09,male,-99.0,1.2e-06,1.78e-07,1990.0,1990.0
1,9.0,5.0,europe_western,pf,,1.2e-09,male,-99.0,1.1e-06,1.8e-07,1990.0,1990.0
2,14.0,10.0,europe_western,pf,,1e-09,male,-99.0,4.4e-06,6.59e-07,1990.0,1990.0
3,19.0,15.0,europe_western,pf,,2.8e-08,male,-99.0,1.7e-06,3.76e-07,1990.0,1990.0
4,24.0,20.0,europe_western,pf,,2.8e-07,male,-99.0,3.8e-06,1.32e-06,1990.0,1990.0
5,29.0,25.0,europe_western,pf,,1.8e-06,male,-99.0,7.6e-06,4.11e-06,1990.0,1990.0
6,34.0,30.0,europe_western,pf,,4.5e-06,male,-99.0,1.6e-05,9.39e-06,1990.0,1990.0
7,39.0,35.0,europe_western,pf,,7.8e-06,male,-99.0,2.3e-05,1.45e-05,1990.0,1990.0
8,44.0,40.0,europe_western,pf,,1.1e-05,male,-99.0,3e-05,1.87e-05,1990.0,1990.0
9,49.0,45.0,europe_western,pf,,1.5e-05,male,-99.0,3.9e-05,2.53e-05,1990.0,1990.0
10,54.0,50.0,europe_western,pf,,1.9e-05,male,-99.0,4.8e-05,3.06e-05,1990.0,1990.0
11,59.0,55.0,europe_western,pf,,2.3e-05,male,-99.0,5.8e-05,3.75e-05,1990.0,1990.0
12,64.0,60.0,europe_western,pf,,2.8e-05,male,-99.0,7.3e-05,4.74e-05,1990.0,1990.0
13,69.0,65.0,europe_western,pf,,3.9e-05,male,-99.0,0.000103,6.58e-05,1990.0,1990.0
14,74.0,70.0,europe_western,pf,,5.5e-05,male,-99.0,0.000143,9.04e-05,1990.0,1990.0
15,79.0,75.0,europe_western,pf,,7.6e-05,male,-99.0,0.000201,0.000126,1990.0,1990.0
16,99.0,80.0,europe_western,pf,,0.000125,male,-99.0,0.000328,0.0002029,1990.0,1990.0
17,4.0,1.0,europe_western,pf,,1.4e-09,male,-99.0,9.8e-07,1.43e-07,1995.0,1995.0
18,9.0,5.0,europe_western,pf,,1.1e-09,male,-99.0,9.9e-07,1.54e-07,1995.0,1995.0
19,14.0,10.0,europe_western,pf,,1.2e-09,male,-99.0,3.8e-06,5.52e-07,1995.0,1995.0
20,19.0,15.0,europe_western,pf,,2.8e-08,male,-99.0,1.4e-06,3.5e-07,1995.0,1995.0
21,24.0,20.0,europe_western,pf,,2.2e-07,male,-99.0,2.9e-06,9.87e-07,1995.0,1995.0
22,29.0,25.0,europe_western,pf,,1.6e-06,male,-99.0,6.5e-06,3.4e-06,1995.0,1995.0
23,34.0,30.0,europe_western,pf,,4.3e-06,male,-99.0,1.5e-05,8.45e-06,1995.0,1995.0
24,39.0,35.0,europe_western,pf,,7.8e-06,male,-99.0,2.2e-05,1.35e-05,1995.0,1995.0
25,44.0,40.0,europe_western,pf,,1.1e-05,male,-99.0,2.9e-05,1.82e-05,1995.0,1995.0
26,49.0,45.0,europe_western,pf,,1.4e-05,male,-99.0,3.5e-05,2.23e-05,1995.0,1995.0
27,54.0,50.0,europe_western,pf,,1.7e-05,male,-99.0,4.4e-05,2.74e-05,1995.0,1995.0
28,59.0,55.0,europe_western,pf,,2.1e-05,male,-99.0,5.3e-05,3.4e-05,1995.0,1995.0
29,64.0,60.0,europe_western,pf,,2.6e-05,male,-99.0,6.7e-05,4.33e-05,1995.0,1995.0
30,69.0,65.0,europe_western,pf,,3.7e-05,male,-99.0,9.4e-05,6.16e-05,1995.0,1995.0
31,74.0,70.0,europe_western,pf,,5.1e-05,male,-99.0,0.000131,8.72e-05,1995.0,1995.0
32,79.0,75.0,europe_western,pf,,7.1e-05,male,-99.0,0.000188,0.0001196,1995.0,1995.0
33,99.0,80.0,europe_western,pf,,0.000119,male,-99.0,0.000312,0.0002003,1995.0,1995.0
34,4.0,1.0,europe_western,pf,,1.5e-09,male,-99.0,1e-06,1.39e-07,2000.0,2000.0
35,9.0,5.0,europe_western,pf,,1e-09,male,-99.0,7.1e-07,1.16e-07,2000.0,2000.0
36,14.0,10.0,europe_western,pf,,1.2e-09,male,-99.0,2.8e-06,4.79e-07,2000.0,2000.0
37,19.0,15.0,europe_western,pf,,2.6e-08,male,-99.0,1e-06,2.56e-07,2000.0,2000.0
38,24.0,20.0,europe_western,pf,,1.9e-07,male,-99.0,2.3e-06,7.99e-07,2000.0,2000.0
39,29.0,25.0,europe_western,pf,,1.2e-06,male,-99.0,5e-06,2.61e-06,2000.0,2000.0
40,34.0,30.0,europe_western,pf,,3.4e-06,male,-99.0,1.1e-05,6.07e-06,2000.0,2000.0
41,39.0,35.0,europe_western,pf,,6.7e-06,male,-99.0,1.8e-05,1.09e-05,2000.0,2000.0
42,44.0,40.0,europe_western,pf,,9.7e-06,male,-99.0,2.6e-05,1.6e-05,2000.0,2000.0
43,49.0,45.0,europe_western,pf,,1.3e-05,male,-99.0,3.3e-05,2.12e-05,2000.0,2000.0
44,54.0,50.0,europe_western,pf,,1.6e-05,male,-99.0,3.9e-05,2.48e-05,2000.0,2000.0
45,59.0,55.0,europe_western,pf,,1.9e-05,male,-99.0,4.6e-05,2.98e-05,2000.0,2000.0
46,64.0,60.0,europe_western,pf,,2.3e-05,male,-99.0,5.8e-05,3.8e-05,2000.0,2000.0
47,69.0,65.0,europe_western,pf,,3.3e-05,male,-99.0,8.2e-05,5.46e-05,2000.0,2000.0
48,74.0,70.0,europe_western,pf,,4.7e-05,male,-99.0,0.000118,7.97e-05,2000.0,2000.0
49,79.0,75.0,europe_western,pf,,6.4e-05,male,-99.0,0.000172,0.000112,2000.0,2000.0
50,99.0,80.0,europe_western,pf,,0.000116,male,-99.0,0.000304,0.0002003,2000.0,2000.0
51,4.0,1.0,europe_western,pf,,1.3e-09,male,-99.0,8.5e-07,1.22e-07,2005.0,2005.0
52,9.0,5.0,europe_western,pf,,8.8e-10,male,-99.0,5e-07,7.93e-08,2005.0,2005.0
53,14.0,10.0,europe_western,pf,,1.4e-09,male,-99.0,2.8e-06,4.11e-07,2005.0,2005.0
54,19.0,15.0,europe_western,pf,,1.8e-08,male,-99.0,9.6e-07,2.21e-07,2005.0,2005.0
55,24.0,20.0,europe_western,pf,,1.9e-07,male,-99.0,2.1e-06,7.66e-07,2005.0,2005.0
56,29.0,25.0,europe_western,pf,,8.9e-07,male,-99.0,4.4e-06,2.14e-06,2005.0,2005.0
57,34.0,30.0,europe_western,pf,,2.7e-06,male,-99.0,9.9e-06,5.16e-06,2005.0,2005.0
58,39.0,35.0,europe_western,pf,,5.4e-06,male,-99.0,1.6e-05,9.1e-06,2005.0,2005.0
59,44.0,40.0,europe_western,pf,,8.5e-06,male,-99.0,2.3e-05,1.4e-05,2005.0,2005.0
60,49.0,45.0,europe_western,pf,,1.2e-05,male,-99.0,3e-05,2e-05,2005.0,2005.0
61,54.0,50.0,europe_western,pf,,1.5e-05,male,-99.0,3.7e-05,2.42e-05,2005.0,2005.0
62,59.0,55.0,europe_western,pf,,1.8e-05,male,-99.0,4.3e-05,2.78e-05,2005.0,2005.0
63,64.0,60.0,europe_western,pf,,2.1e-05,male,-99.0,5.4e-05,3.48e-05,2005.0,2005.0
64,69.0,65.0,europe_western,pf,,2.9e-05,male,-99.0,7.7e-05,4.83e-05,2005.0,2005.0
65,74.0,70.0,europe_western,pf,,4.2e-05,male,-99.0,0.00011,7.18e-05,2005.0,2005.0
66,79.0,75.0,europe_western,pf,,5.9e-05,male,-99.0,0.000157,0.0001048,2005.0,2005.0
67,99.0,80.0,europe_western,pf,,0.000108,male,-99.0,0.000286,0.0001901,2005.0,2005.0
68,4.0,1.0,europe_western,pf,,9.7e-10,male,-99.0,6.6e-07,1.06e-07,2010.0,2010.0
69,9.0,5.0,europe_western,pf,,6.8e-10,male,-99.0,5.1e-07,7.73e-08,2010.0,2010.0
70,14.0,10.0,europe_western,pf,,6.9e-10,male,-99.0,2.3e-06,4.09e-07,2010.0,2010.0
71,19.0,15.0,europe_western,pf,,1e-08,male,-99.0,1.5e-06,2.84e-07,2010.0,2010.0
72,24.0,20.0,europe_western,pf,,9e-08,male,-99.0,2.7e-06,7.76e-07,2010.0,2010.0
73,29.0,25.0,europe_western,pf,,5.6e-07,male,-99.0,4.6e-06,1.98e-06,2010.0,2010.0
74,34.0,30.0,europe_western,pf,,2.2e-06,male,-99.0,1e-05,4.96e-06,2010.0,2010.0
75,39.0,35.0,europe_western,pf,,4.1e-06,male,-99.0,1.5e-05,8.07e-06,2010.0,2010.0
76,44.0,40.0,europe_western,pf,,7.2e-06,male,-99.0,2.2e-05,1.29e-05,2010.0,2010.0
77,49.0,45.0,europe_western,pf,,1.1e-05,male,-99.0,3e-05,1.86e-05,2010.0,2010.0
78,54.0,50.0,europe_western,pf,,1.4e-05,male,-99.0,3.6e-05,2.31e-05,2010.0,2010.0
79,59.0,55.0,europe_western,pf,,1.7e-05,male,-99.0,4.3e-05,2.68e-05,2010.0,2010.0
80,64.0,60.0,europe_western,pf,,2e-05,male,-99.0,5.2e-05,3.32e-05,2010.0,2010.0
81,69.0,65.0,europe_western,pf,,2.8e-05,male,-99.0,7.4e-05,4.6e-05,2010.0,2010.0
82,74.0,70.0,europe_western,pf,,3.9e-05,male,-99.0,0.000107,6.76e-05,2010.0,2010.0
83,79.0,75.0,europe_western,pf,,5.7e-05,male,-99.0,0.000155,0.0001007,2010.0,2010.0
84,99.0,80.0,europe_western,pf,,0.000107,male,-99.0,0.000286,0.0001853,2010.0,2010.0
85,4.0,0.0,AUT,i,205515.0,,male,-99.0,,9.73e-06,2001.0,2001.0
86,9.0,5.0,AUT,i,240297.0,,male,-99.0,,2.91e-05,2001.0,2001.0
87,14.0,10.0,AUT,i,243667.0,,male,-99.0,,6.16e-05,2001.0,2001.0
88,19.0,15.0,AUT,i,247248.0,,male,-99.0,,7.28e-05,2001.0,2001.0
89,24.0,20.0,AUT,i,241494.0,,male,-99.0,,0.0001863,2001.0,2001.0
90,29.0,25.0,AUT,i,267842.0,,male,-99.0,,0.000407,2001.0,2001.0
91,34.0,30.0,AUT,i,336273.0,,male,-99.0,,0.0006453,2001.0,2001.0
92,39.0,35.0,AUT,i,359016.0,,male,-99.0,,0.0011448,2001.0,2001.0
93,44.0,40.0,AUT,i,318042.0,,male,-99.0,,0.0014023,2001.0,2001.0
94,49.0,45.0,AUT,i,263092.0,,male,-99.0,,0.0015166,2001.0,2001.0
95,54.0,50.0,AUT,i,252686.0,,male,-99.0,,0.0017532,2001.0,2001.0
96,59.0,55.0,AUT,i,221947.0,,male,-99.0,,0.0015364,2001.0,2001.0
97,64.0,60.0,AUT,i,220136.0,,male,-99.0,,0.0014173,2001.0,2001.0
98,69.0,65.0,AUT,i,152751.0,,male,-99.0,,0.0015188,2001.0,2001.0
99,74.0,70.0,AUT,i,140306.0,,male,-99.0,,0.0013684,2001.0,2001.0
100,79.0,75.0,AUT,i,98162.0,,male,-99.0,,0.0015688,2001.0,2001.0
101,100.0,80.0,AUT,i,81476.0,,male,-99.0,,0.0019883,2001.0,2001.0
102,4.0,0.0,AUT,i,201776.0,,male,-99.0,,2.48e-05,2002.0,2002.0
103,9.0,5.0,AUT,i,236166.0,,male,-99.0,,2.96e-05,2002.0,2002.0
104,14.0,10.0,AUT,i,246979.0,,male,-99.0,,8.5e-05,2002.0,2002.0
105,19.0,15.0,AUT,i,246351.0,,male,-99.0,,6.9e-05,2002.0,2002.0
106,24.0,20.0,AUT,i,248598.0,,male,-99.0,,0.0002534,2002.0,2002.0
107,29.0,25.0,AUT,i,260672.0,,male,-99.0,,0.0004987,2002.0,2002.0
108,34.0,30.0,AUT,i,326001.0,,male,-99.0,,0.0006104,2002.0,2002.0
109,39.0,35.0,AUT,i,360122.0,,male,-99.0,,0.0011524,2002.0,2002.0
110,44.0,40.0,AUT,i,328730.0,,male,-99.0,,0.0015088,2002.0,2002.0
111,49.0,45.0,AUT,i,272723.0,,male,-99.0,,0.001573,2002.0,2002.0
112,54.0,50.0,AUT,i,252277.0,,male,-99.0,,0.0018432,2002.0,2002.0
113,59.0,55.0,AUT,i,220013.0,,male,-99.0,,0.0017135,2002.0,2002.0
114,64.0,60.0,AUT,i,233979.0,,male,-99.0,,0.0014574,2002.0,2002.0
115,69.0,65.0,AUT,i,151262.0,,male,-99.0,,0.0013553,2002.0,2002.0
116,74.0,70.0,AUT,i,141498.0,,male,-99.0,,0.0014205,2002.0,2002.0
117,79.0,75.0,AUT,i,100428.0,,male,-99.0,,0.0015434,2002.0,2002.0
118,100.0,80.0,AUT,i,86518.0,,male,-99.0,,0.0016413,2002.0,2002.0
119,4.0,0.0,AUT,i,200471.0,,male,-99.0,,2.49e-05,2003.0,2003.0
120,9.0,5.0,AUT,i,231029.0,,male,-99.0,,3.46e-05,2003.0,2003.0
121,14.0,10.0,AUT,i,249208.0,,male,-99.0,,5.22e-05,2003.0,2003.0
122,19.0,15.0,AUT,i,246866.0,,male,-99.0,,0.0001256,2003.0,2003.0
123,24.0,20.0,AUT,i,255549.0,,male,-99.0,,0.0002661,2003.0,2003.0
124,29.0,25.0,AUT,i,256512.0,,male,-99.0,,0.0004249,2003.0,2003.0
125,34.0,30.0,AUT,i,312944.0,,male,-99.0,,0.000719,2003.0,2003.0
126,39.0,35.0,AUT,i,359352.0,,male,-99.0,,0.0010714,2003.0,2003.0
127,44.0,40.0,AUT,i,339115.0,,male,-99.0,,0.0014567,2003.0,2003.0
128,49.0,45.0,AUT,i,281923.0,,male,-99.0,,0.0015997,2003.0,2003.0
129,54.0,50.0,AUT,i,248954.0,,male,-99.0,,0.0017634,2003.0,2003.0
130,59.0,55.0,AUT,i,224856.0,,male,-99.0,,0.0016855,2003.0,2003.0
131,64.0,60.0,AUT,i,241572.0,,male,-99.0,,0.001395,2003.0,2003.0
132,69.0,65.0,AUT,i,152345.0,,male,-99.0,,0.0014703,2003.0,2003.0
133,74.0,70.0,AUT,i,140586.0,,male,-99.0,,0.0015578,2003.0,2003.0
134,79.0,75.0,AUT,i,103302.0,,male,-99.0,,0.0015779,2003.0,2003.0
135,100.0,80.0,AUT,i,91001.0,,male,-99.0,,0.0017033,2003.0,2003.0
136,4.0,0.0,AUT,i,200462.0,,male,-99.0,,2.49e-05,2004.0,2004.0
137,9.0,5.0,AUT,i,225816.0,,male,-99.0,,4.87e-05,2004.0,2004.0
138,14.0,10.0,AUT,i,250129.0,,male,-99.0,,4.8e-05,2004.0,2004.0
139,19.0,15.0,AUT,i,248818.0,,male,-99.0,,0.0001366,2004.0,2004.0
140,24.0,20.0,AUT,i,261613.0,,male,-99.0,,0.0002102,2004.0,2004.0
141,29.0,25.0,AUT,i,256015.0,,male,-99.0,,0.0003594,2004.0,2004.0
142,34.0,30.0,AUT,i,300252.0,,male,-99.0,,0.0006761,2004.0,2004.0
143,39.0,35.0,AUT,i,357150.0,,male,-99.0,,0.0010584,2004.0,2004.0
144,44.0,40.0,AUT,i,348986.0,,male,-99.0,,0.0014958,2004.0,2004.0
145,49.0,45.0,AUT,i,292936.0,,male,-99.0,,0.0017444,2004.0,2004.0
146,54.0,50.0,AUT,i,248285.0,,male,-99.0,,0.0016876,2004.0,2004.0
147,59.0,55.0,AUT,i,228566.0,,male,-99.0,,0.0015707,2004.0,2004.0
148,64.0,60.0,AUT,i,239920.0,,male,-99.0,,0.0014213,2004.0,2004.0
149,69.0,65.0,AUT,i,164044.0,,male,-99.0,,0.0015849,2004.0,2004.0
150,74.0,70.0,AUT,i,138682.0,,male,-99.0,,0.001745,2004.0,2004.0
151,79.0,75.0,AUT,i,107026.0,,male,-99.0,,0.0018967,2004.0,2004.0
152,100.0,80.0,AUT,i,95451.0,,male,-99.0,,0.0018753,2004.0,2004.0
153,4.0,0.0,AUT,i,201216.0,,male,-99.0,,3.48e-05,2005.0,2005.0
154,9.0,5.0,AUT,i,221456.0,,male,-99.0,,4.52e-05,2005.0,2005.0
155,14.0,10.0,AUT,i,249514.0,,male,-99.0,,4.01e-05,2005.0,2005.0
156,19.0,15.0,AUT,i,250960.0,,male,-99.0,,9.96e-05,2005.0,2005.0
157,24.0,20.0,AUT,i,265969.0,,male,-99.0,,0.0002294,2005.0,2005.0
158,29.0,25.0,AUT,i,259172.0,,male,-99.0,,0.0003511,2005.0,2005.0
159,34.0,30.0,AUT,i,291249.0,,male,-99.0,,0.0005803,2005.0,2005.0
160,39.0,35.0,AUT,i,352194.0,,male,-99.0,,0.0009767,2005.0,2005.0
161,44.0,40.0,AUT,i,357007.0,,male,-99.0,,0.0012829,2005.0,2005.0
162,49.0,45.0,AUT,i,305389.0,,male,-99.0,,0.0017158,2005.0,2005.0
163,54.0,50.0,AUT,i,251384.0,,male,-99.0,,0.0018299,2005.0,2005.0
164,59.0,55.0,AUT,i,236326.0,,male,-99.0,,0.0016291,2005.0,2005.0
165,64.0,60.0,AUT,i,225064.0,,male,-99.0,,0.0015285,2005.0,2005.0
166,69.0,65.0,AUT,i,184858.0,,male,-99.0,,0.0016391,2005.0,2005.0
167,74.0,70.0,AUT,i,136138.0,,male,-99.0,,0.0014911,2005.0,2005.0
168,79.0,75.0,AUT,i,110652.0,,male,-99.0,,0.0020786,2005.0,2005.0
169,100.0,80.0,AUT,i,100294.0,,male,-99.0,,0.0018944,2005.0,2005.0
170,4.0,0.0,AUT,i,201301.0,,male,-99.0,,5.46e-05,2006.0,2006.0
171,9.0,5.0,AUT,i,216756.0,,male,-99.0,,2.77e-05,2006.0,2006.0
172,14.0,10.0,AUT,i,246903.0,,male,-99.0,,5.67e-05,2006.0,2006.0
173,19.0,15.0,AUT,i,253111.0,,male,-99.0,,0.0001501,2006.0,2006.0
174,24.0,20.0,AUT,i,266172.0,,male,-99.0,,0.0001841,2006.0,2006.0
175,29.0,25.0,AUT,i,264444.0,,male,-99.0,,0.000295,2006.0,2006.0
176,34.0,30.0,AUT,i,283100.0,,male,-99.0,,0.0005758,2006.0,2006.0
177,39.0,35.0,AUT,i,344110.0,,male,-99.0,,0.0010375,2006.0,2006.0
178,44.0,40.0,AUT,i,361547.0,,male,-99.0,,0.00143,2006.0,2006.0
179,49.0,45.0,AUT,i,317053.0,,male,-99.0,,0.0016874,2006.0,2006.0
180,54.0,50.0,AUT,i,258834.0,,male,-99.0,,0.0016497,2006.0,2006.0
181,59.0,55.0,AUT,i,243977.0,,male,-99.0,,0.0017789,2006.0,2006.0
182,64.0,60.0,AUT,i,210139.0,,male,-99.0,,0.0016227,2006.0,2006.0
183,69.0,65.0,AUT,i,203931.0,,male,-99.0,,0.0014956,2006.0,2006.0
184,74.0,70.0,AUT,i,134159.0,,male,-99.0,,0.0015206,2006.0,2006.0
185,79.0,75.0,AUT,i,113430.0,,male,-99.0,,0.0018161,2006.0,2006.0
186,100.0,80.0,AUT,i,105533.0,,male,-99.0,,0.0018762,2006.0,2006.0
187,4.0,0.0,BEL,i,287137.0,,male,-99.0,,4.88e-05,2003.0,2003.0
188,9.0,5.0,BEL,i,302841.0,,male,-99.0,,9.91e-05,2003.0,2003.0
189,14.0,10.0,BEL,i,324997.0,,male,-99.0,,8.62e-05,2003.0,2003.0
190,19.0,15.0,BEL,i,310446.0,,male,-99.0,,0.000277,2003.0,2003.0
191,24.0,20.0,BEL,i,325977.0,,male,-99.0,,0.0003129,2003.0,2003.0
192,29.0,25.0,BEL,i,329583.0,,male,-99.0,,0.0007525,2003.0,2003.0
193,34.0,30.0,BEL,i,372608.0,,male,-99.0,,0.0012184,2003.0,2003.0
194,39.0,35.0,BEL,i,403656.0,,male,-99.0,,0.001749,2003.0,2003.0
195,44.0,40.0,BEL,i,406548.0,,male,-99.0,,0.0025188,2003.0,2003.0
196,49.0,45.0,BEL,i,378924.0,,male,-99.0,,0.0032038,2003.0,2003.0
197,54.0,50.0,BEL,i,349032.0,,male,-99.0,,0.0029625,2003.0,2003.0
198,59.0,55.0,BEL,i,311693.0,,male,-99.0,,0.002573,2003.0,2003.0
199,64.0,60.0,BEL,i,237663.0,,male,-99.0,,0.0020365,2003.0,2003.0
200,69.0,65.0,BEL,i,232109.0,,male,-99.0,,0.0017061,2003.0,2003.0
201,74.0,70.0,BEL,i,209779.0,,male,-99.0,,0.0022405,2003.0,2003.0
202,79.0,75.0,BEL,i,155604.0,,male,-99.0,,0.0018509,2003.0,2003.0
203,100.0,80.0,BEL,i,133351.0,,male,-99.0,,0.0025047,2003.0,2003.0
204,4.0,0.0,BEL,i,287725.0,,male,-99.0,,2.78e-05,2004.0,2004.0
205,9.0,5.0,BEL,i,301212.0,,male,-99.0,,9.3e-05,2004.0,2004.0
206,14.0,10.0,BEL,i,323919.0,,male,-99.0,,9.88e-05,2004.0,2004.0
207,19.0,15.0,BEL,i,314082.0,,male,-99.0,,0.000191,2004.0,2004.0
208,24.0,20.0,BEL,i,324362.0,,male,-99.0,,0.0004131,2004.0,2004.0
209,29.0,25.0,BEL,i,329328.0,,male,-99.0,,0.0007045,2004.0,2004.0
210,34.0,30.0,BEL,i,367000.0,,male,-99.0,,0.0012044,2004.0,2004.0
211,39.0,35.0,BEL,i,396252.0,,male,-99.0,,0.0017666,2004.0,2004.0
212,44.0,40.0,BEL,i,409997.0,,male,-99.0,,0.0026976,2004.0,2004.0
213,49.0,45.0,BEL,i,385168.0,,male,-99.0,,0.0034686,2004.0,2004.0
214,54.0,50.0,BEL,i,351503.0,,male,-99.0,,0.0031692,2004.0,2004.0
215,59.0,55.0,BEL,i,322877.0,,male,-99.0,,0.0026759,2004.0,2004.0
216,64.0,60.0,BEL,i,239534.0,,male,-99.0,,0.0023713,2004.0,2004.0
217,69.0,65.0,BEL,i,232801.0,,male,-99.0,,0.0021821,2004.0,2004.0
218,74.0,70.0,BEL,i,210448.0,,male,-99.0,,0.0021763,2004.0,2004.0
219,79.0,75.0,BEL,i,156851.0,,male,-99.0,,0.0025629,2004.0,2004.0
220,100.0,80.0,BEL,i,140916.0,,male,-99.0,,0.0027818,2004.0,2004.0
221,4.0,0.0,BEL,i,290042.0,,male,-99.0,,2.76e-05,2005.0,2005.0
222,9.0,5.0,BEL,i,301502.0,,male,-99.0,,6.63e-05,2005.0,2005.0
223,14.0,10.0,BEL,i,320877.0,,male,-99.0,,4.36e-05,2005.0,2005.0
224,19.0,15.0,BEL,i,319651.0,,male,-99.0,,0.0002816,2005.0,2005.0
225,24.0,20.0,BEL,i,321631.0,,male,-99.0,,0.0004602,2005.0,2005.0
226,29.0,25.0,BEL,i,332684.0,,male,-99.0,,0.0007214,2005.0,2005.0
227,34.0,30.0,BEL,i,359221.0,,male,-99.0,,0.0010133,2005.0,2005.0
228,39.0,35.0,BEL,i,390431.0,,male,-99.0,,0.0019312,2005.0,2005.0
229,44.0,40.0,BEL,i,412865.0,,male,-99.0,,0.002548,2005.0,2005.0
230,49.0,45.0,BEL,i,391069.0,,male,-99.0,,0.0029509,2005.0,2005.0
231,54.0,50.0,BEL,i,355605.0,,male,-99.0,,0.0028965,2005.0,2005.0
232,59.0,55.0,BEL,i,332313.0,,male,-99.0,,0.0024314,2005.0,2005.0
233,64.0,60.0,BEL,i,245077.0,,male,-99.0,,0.0027012,2005.0,2005.0
234,69.0,65.0,BEL,i,231714.0,,male,-99.0,,0.0021147,2005.0,2005.0
235,74.0,70.0,BEL,i,209158.0,,male,-99.0,,0.0023714,2005.0,2005.0
236,79.0,75.0,BEL,i,159434.0,,male,-99.0,,0.0023709,2005.0,2005.0
237,100.0,80.0,BEL,i,148786.0,,male,-99.0,,0.0023524,2005.0,2005.0
238,4.0,0.0,BEL,i,293841.0,,male,-99.0,,4.08e-05,2006.0,2006.0
239,9.0,5.0,BEL,i,302214.0,,male,-99.0,,8.6e-05,2006.0,2006.0
240,14.0,10.0,BEL,i,316844.0,,male,-99.0,,0.0001704,2006.0,2006.0
241,19.0,15.0,BEL,i,325707.0,,male,-99.0,,0.0002518,2006.0,2006.0
242,24.0,20.0,BEL,i,320130.0,,male,-99.0,,0.0003499,2006.0,2006.0
243,29.0,25.0,BEL,i,337679.0,,male,-99.0,,0.000687,2006.0,2006.0
244,34.0,30.0,BEL,i,351909.0,,male,-99.0,,0.0011764,2006.0,2006.0
245,39.0,35.0,BEL,i,387444.0,,male,-99.0,,0.0017035,2006.0,2006.0
246,44.0,40.0,BEL,i,413814.0,,male,-99.0,,0.0023779,2006.0,2006.0
247,49.0,45.0,BEL,i,396567.0,,male,-99.0,,0.0031722,2006.0,2006.0
248,54.0,50.0,BEL,i,361335.0,,male,-99.0,,0.0033874,2006.0,2006.0
249,59.0,55.0,BEL,i,336298.0,,male,-99.0,,0.0025632,2006.0,2006.0
250,64.0,60.0,BEL,i,260045.0,,male,-99.0,,0.002438,2006.0,2006.0
251,69.0,65.0,BEL,i,226947.0,,male,-99.0,,0.002212,2006.0,2006.0
252,74.0,70.0,BEL,i,206490.0,,male,-99.0,,0.0020437,2006.0,2006.0
253,79.0,75.0,BEL,i,163429.0,,male,-99.0,,0.0024108,2006.0,2006.0
254,100.0,80.0,BEL,i,156408.0,,male,-99.0,,0.0028132,2006.0,2006.0
255,14.0,10.0,CHE,i,225746.0,,male,-99.0,,3.1e-05,2002.0,2002.0
256,19.0,15.0,CHE,i,217314.0,,male,-99.0,,7.36e-05,2002.0,2002.0
257,24.0,20.0,CHE,i,215667.0,,male,-99.0,,0.0001345,2002.0,2002.0
258,29.0,25.0,CHE,i,228035.0,,male,-99.0,,0.0001403,2002.0,2002.0
259,34.0,30.0,CHE,i,275461.0,,male,-99.0,,0.0003739,2002.0,2002.0
260,39.0,35.0,CHE,i,316590.0,,male,-99.0,,0.0005117,2002.0,2002.0
261,44.0,40.0,CHE,i,293119.0,,male,-99.0,,0.0006209,2002.0,2002.0
262,49.0,45.0,CHE,i,260556.0,,male,-99.0,,0.00071,2002.0,2002.0
263,54.0,50.0,CHE,i,245730.0,,male,-99.0,,0.000818,2002.0,2002.0
264,59.0,55.0,CHE,i,231628.0,,male,-99.0,,0.0008246,2002.0,2002.0
265,64.0,60.0,CHE,i,178734.0,,male,-99.0,,0.0008113,2002.0,2002.0
266,69.0,65.0,CHE,i,148407.0,,male,-99.0,,0.0009097,2002.0,2002.0
267,74.0,70.0,CHE,i,121549.0,,male,-99.0,,0.0010202,2002.0,2002.0
268,79.0,75.0,CHE,i,92637.0,,male,-99.0,,0.0009176,2002.0,2002.0
269,100.0,80.0,CHE,i,101355.0,,male,-99.0,,0.0010458,2002.0,2002.0
270,4.0,0.0,CHE,i,190345.0,,male,-99.0,,1.58e-05,2003.0,2003.0
271,9.0,5.0,CHE,i,210650.0,,male,-99.0,,9.49e-06,2003.0,2003.0
272,14.0,10.0,CHE,i,226433.0,,male,-99.0,,1.77e-05,2003.0,2003.0
273,19.0,15.0,CHE,i,218810.0,,male,-99.0,,5.48e-05,2003.0,2003.0
274,24.0,20.0,CHE,i,218329.0,,male,-99.0,,0.000142,2003.0,2003.0
275,29.0,25.0,CHE,i,228594.0,,male,-99.0,,0.000175,2003.0,2003.0
276,34.0,30.0,CHE,i,271851.0,,male,-99.0,,0.0004598,2003.0,2003.0
277,39.0,35.0,CHE,i,315979.0,,male,-99.0,,0.0003576,2003.0,2003.0
278,44.0,40.0,CHE,i,300666.0,,male,-99.0,,0.0007051,2003.0,2003.0
279,49.0,45.0,CHE,i,267178.0,,male,-99.0,,0.0007486,2003.0,2003.0
280,54.0,50.0,CHE,i,245352.0,,male,-99.0,,0.0007418,2003.0,2003.0
281,59.0,55.0,CHE,i,235484.0,,male,-99.0,,0.0008621,2003.0,2003.0
282,64.0,60.0,CHE,i,186419.0,,male,-99.0,,0.0007456,2003.0,2003.0
283,69.0,65.0,CHE,i,149646.0,,male,-99.0,,0.0009021,2003.0,2003.0
284,74.0,70.0,CHE,i,123550.0,,male,-99.0,,0.0009065,2003.0,2003.0
285,79.0,75.0,CHE,i,93759.0,,male,-99.0,,0.0011412,2003.0,2003.0
286,100.0,80.0,CHE,i,104548.0,,male,-99.0,,0.0009565,2003.0,2003.0
287,9.0,5.0,CHE,i,207951.0,,male,-99.0,,9.62e-06,2004.0,2004.0
288,14.0,10.0,CHE,i,224966.0,,male,-99.0,,2.22e-05,2004.0,2004.0
289,19.0,15.0,CHE,i,220661.0,,male,-99.0,,6.34e-05,2004.0,2004.0
290,24.0,20.0,CHE,i,220676.0,,male,-99.0,,0.000145,2004.0,2004.0
291,29.0,25.0,CHE,i,230105.0,,male,-99.0,,0.0001173,2004.0,2004.0
292,34.0,30.0,CHE,i,267960.0,,male,-99.0,,0.0004068,2004.0,2004.0
293,39.0,35.0,CHE,i,312103.0,,male,-99.0,,0.0004678,2004.0,2004.0
294,44.0,40.0,CHE,i,308722.0,,male,-99.0,,0.0006381,2004.0,2004.0
295,49.0,45.0,CHE,i,274271.0,,male,-99.0,,0.0008313,2004.0,2004.0
296,54.0,50.0,CHE,i,245546.0,,male,-99.0,,0.0008023,2004.0,2004.0
297,59.0,55.0,CHE,i,237670.0,,male,-99.0,,0.0008373,2004.0,2004.0
298,64.0,60.0,CHE,i,194836.0,,male,-99.0,,0.0009187,2004.0,2004.0
299,69.0,65.0,CHE,i,151237.0,,male,-99.0,,0.0006744,2004.0,2004.0
300,74.0,70.0,CHE,i,125833.0,,male,-99.0,,0.0009378,2004.0,2004.0
301,79.0,75.0,CHE,i,95443.0,,male,-99.0,,0.0011944,2004.0,2004.0
302,100.0,80.0,CHE,i,108206.0,,male,-99.0,,0.0009611,2004.0,2004.0
303,9.0,5.0,CHE,i,205277.0,,male,-99.0,,1.95e-05,2005.0,2005.0
304,14.0,10.0,CHE,i,223374.0,,male,-99.0,,2.69e-05,2005.0,2005.0
305,19.0,15.0,CHE,i,223934.0,,male,-99.0,,5.81e-05,2005.0,2005.0
306,24.0,20.0,CHE,i,222846.0,,male,-99.0,,0.0001885,2005.0,2005.0
307,29.0,25.0,CHE,i,231025.0,,male,-99.0,,0.0001472,2005.0,2005.0
308,34.0,30.0,CHE,i,262038.0,,male,-99.0,,0.0003282,2005.0,2005.0
309,39.0,35.0,CHE,i,305789.0,,male,-99.0,,0.0004775,2005.0,2005.0
310,44.0,40.0,CHE,i,316118.0,,male,-99.0,,0.0005314,2005.0,2005.0
311,49.0,45.0,CHE,i,281164.0,,male,-99.0,,0.0007327,2005.0,2005.0
312,54.0,50.0,CHE,i,247365.0,,male,-99.0,,0.0007115,2005.0,2005.0
313,59.0,55.0,CHE,i,239001.0,,male,-99.0,,0.0007448,2005.0,2005.0
314,64.0,60.0,CHE,i,203942.0,,male,-99.0,,0.0008091,2005.0,2005.0
315,69.0,65.0,CHE,i,153207.0,,male,-99.0,,0.0007898,2005.0,2005.0
316,74.0,70.0,CHE,i,128351.0,,male,-99.0,,0.001083,2005.0,2005.0
317,79.0,75.0,CHE,i,97590.0,,male,-99.0,,0.0011477,2005.0,2005.0
318,100.0,80.0,CHE,i,111696.0,,male,-99.0,,0.001146,2005.0,2005.0
319,24.0,20.0,CYP,i,28494.0,,male,-99.0,,3.51e-05,2002.0,2002.0
320,34.0,30.0,CYP,i,23831.0,,male,-99.0,,4.2e-05,2002.0,2002.0
321,39.0,35.0,CYP,i,24990.0,,male,-99.0,,0.00012,2002.0,2002.0
322,44.0,40.0,CYP,i,26459.0,,male,-99.0,,0.0002646,2002.0,2002.0
323,49.0,45.0,CYP,i,23680.0,,male,-99.0,,0.0003378,2002.0,2002.0
324,54.0,50.0,CYP,i,22084.0,,male,-99.0,,0.0002264,2002.0,2002.0
325,59.0,55.0,CYP,i,18042.0,,male,-99.0,,0.0001663,2002.0,2002.0
326,64.0,60.0,CYP,i,15925.0,,male,-99.0,,0.0006907,2002.0,2002.0
327,69.0,65.0,CYP,i,12736.0,,male,-99.0,,0.0006281,2002.0,2002.0
328,74.0,70.0,CYP,i,9859.0,,male,-99.0,,0.0005072,2002.0,2002.0
329,79.0,75.0,CYP,i,7435.0,,male,-99.0,,0.000807,2002.0,2002.0
330,100.0,80.0,CYP,i,7865.0,,male,-99.0,,0.0021615,2002.0,2002.0
331,19.0,15.0,CYP,i,28867.0,,male,-99.0,,6.93e-05,2003.0,2003.0
332,24.0,20.0,CYP,i,29235.0,,male,-99.0,,3.42e-05,2003.0,2003.0
333,34.0,30.0,CYP,i,24632.0,,male,-99.0,,4.06e-05,2003.0,2003.0
334,39.0,35.0,CYP,i,25083.0,,male,-99.0,,0.0001993,2003.0,2003.0
335,44.0,40.0,CYP,i,26743.0,,male,-99.0,,0.0002618,2003.0,2003.0
336,49.0,45.0,CYP,i,24082.0,,male,-99.0,,8.3e-05,2003.0,2003.0
337,54.0,50.0,CYP,i,22329.0,,male,-99.0,,0.0001791,2003.0,2003.0
338,59.0,55.0,CYP,i,18559.0,,male,-99.0,,0.0003233,2003.0,2003.0
339,64.0,60.0,CYP,i,16009.0,,male,-99.0,,0.0006246,2003.0,2003.0
340,69.0,65.0,CYP,i,13036.0,,male,-99.0,,0.0007671,2003.0,2003.0
341,74.0,70.0,CYP,i,9995.0,,male,-99.0,,0.0008004,2003.0,2003.0
342,79.0,75.0,CYP,i,7469.0,,male,-99.0,,0.001205,2003.0,2003.0
343,100.0,80.0,CYP,i,7883.0,,male,-99.0,,0.0022834,2003.0,2003.0
344,29.0,25.0,CYP,i,27729.0,,male,-99.0,,3.61e-05,2004.0,2004.0
345,34.0,30.0,CYP,i,26368.0,,male,-99.0,,0.0001138,2004.0,2004.0
346,39.0,35.0,CYP,i,25091.0,,male,-99.0,,3.99e-05,2004.0,2004.0
347,44.0,40.0,CYP,i,26854.0,,male,-99.0,,0.0003351,2004.0,2004.0
348,49.0,45.0,CYP,i,25154.0,,male,-99.0,,0.0004771,2004.0,2004.0
349,54.0,50.0,CYP,i,22504.0,,male,-99.0,,0.0003999,2004.0,2004.0
350,59.0,55.0,CYP,i,19628.0,,male,-99.0,,0.0002038,2004.0,2004.0
351,64.0,60.0,CYP,i,15986.0,,male,-99.0,,0.0003128,2004.0,2004.0
352,69.0,65.0,CYP,i,13598.0,,male,-99.0,,0.0008089,2004.0,2004.0
353,74.0,70.0,CYP,i,10183.0,,male,-99.0,,0.0003928,2004.0,2004.0
354,79.0,75.0,CYP,i,7429.0,,male,-99.0,,0.0013461,2004.0,2004.0
355,100.0,80.0,CYP,i,7825.0,,male,-99.0,,0.0017891,2004.0,2004.0
356,24.0,20.0,CYP,i,30972.0,,male,-99.0,,3.23e-05,2005.0,2005.0
357,29.0,25.0,CYP,i,29460.0,,male,-99.0,,0.0001018,2005.0,2005.0
358,34.0,30.0,CYP,i,26863.0,,male,-99.0,,7.45e-05,2005.0,2005.0
359,39.0,35.0,CYP,i,25117.0,,male,-99.0,,0.0001991,2005.0,2005.0
360,44.0,40.0,CYP,i,26676.0,,male,-99.0,,0.0001874,2005.0,2005.0
361,49.0,45.0,CYP,i,25874.0,,male,-99.0,,7.73e-05,2005.0,2005.0
362,54.0,50.0,CYP,i,22835.0,,male,-99.0,,0.0001314,2005.0,2005.0
363,59.0,55.0,CYP,i,20392.0,,male,-99.0,,0.0002942,2005.0,2005.0
364,64.0,60.0,CYP,i,16430.0,,male,-99.0,,0.0001826,2005.0,2005.0
365,69.0,65.0,CYP,i,14058.0,,male,-99.0,,0.0007113,2005.0,2005.0
366,74.0,70.0,CYP,i,10440.0,,male,-99.0,,0.0004789,2005.0,2005.0
367,79.0,75.0,CYP,i,7551.0,,male,-99.0,,0.000927,2005.0,2005.0
368,100.0,80.0,CYP,i,8127.0,,male,-99.0,,0.0013535,2005.0,2005.0
369,29.0,25.0,CYP,i,31203.0,,male,-99.0,,9.61e-05,2006.0,2006.0
370,34.0,30.0,CYP,i,27352.0,,male,-99.0,,0.0001462,2006.0,2006.0
371,39.0,35.0,CYP,i,25131.0,,male,-99.0,,0.000199,2006.0,2006.0
372,44.0,40.0,CYP,i,26482.0,,male,-99.0,,0.000151,2006.0,2006.0
373,49.0,45.0,CYP,i,26593.0,,male,-99.0,,7.52e-05,2006.0,2006.0
374,54.0,50.0,CYP,i,23160.0,,male,-99.0,,0.000475,2006.0,2006.0
375,59.0,55.0,CYP,i,21157.0,,male,-99.0,,0.0002836,2006.0,2006.0
376,64.0,60.0,CYP,i,16872.0,,male,-99.0,,0.0005927,2006.0,2006.0
377,69.0,65.0,CYP,i,14518.0,,male,-99.0,,0.0004133,2006.0,2006.0
378,74.0,70.0,CYP,i,10695.0,,male,-99.0,,0.000935,2006.0,2006.0
379,79.0,75.0,CYP,i,7671.0,,male,-99.0,,0.0020858,2006.0,2006.0
380,100.0,80.0,CYP,i,8430.0,,male,-99.0,,0.0023725,2006.0,2006.0
381,14.0,10.0,DNK,i,171652.0,,male,-99.0,,4.08e-05,2003.0,2003.0
382,19.0,15.0,DNK,i,149058.0,,male,-99.0,,9.39e-05,2003.0,2003.0
383,24.0,20.0,DNK,i,153149.0,,male,-99.0,,0.0001959,2003.0,2003.0
384,29.0,25.0,DNK,i,181706.0,,male,-99.0,,0.0001981,2003.0,2003.0
385,34.0,30.0,DNK,i,195184.0,,male,-99.0,,0.0005226,2003.0,2003.0
386,39.0,35.0,DNK,i,217966.0,,male,-99.0,,0.0009359,2003.0,2003.0
387,44.0,40.0,DNK,i,196427.0,,male,-99.0,,0.0013949,2003.0,2003.0
388,49.0,45.0,DNK,i,186877.0,,male,-99.0,,0.0015572,2003.0,2003.0
389,54.0,50.0,DNK,i,182756.0,,male,-99.0,,0.0013844,2003.0,2003.0
390,59.0,55.0,DNK,i,197953.0,,male,-99.0,,0.0016064,2003.0,2003.0
391,64.0,60.0,DNK,i,145010.0,,male,-99.0,,0.0013172,2003.0,2003.0
392,69.0,65.0,DNK,i,111368.0,,male,-99.0,,0.0010775,2003.0,2003.0
393,74.0,70.0,DNK,i,87100.0,,male,-99.0,,0.0014696,2003.0,2003.0
394,79.0,75.0,DNK,i,68190.0,,male,-99.0,,0.0013052,2003.0,2003.0
395,100.0,80.0,DNK,i,72906.0,,male,-99.0,,0.0013991,2003.0,2003.0
396,4.0,0.0,DNK,i,165431.0,,male,-99.0,,1.21e-05,2004.0,2004.0
397,9.0,5.0,DNK,i,177696.0,,male,-99.0,,1.13e-05,2004.0,2004.0
398,14.0,10.0,DNK,i,175603.0,,male,-99.0,,1.71e-05,2004.0,2004.0
399,19.0,15.0,DNK,i,153867.0,,male,-99.0,,5.2e-05,2004.0,2004.0
400,24.0,20.0,DNK,i,149328.0,,male,-99.0,,0.000221,2004.0,2004.0
401,29.0,25.0,DNK,i,176589.0,,male,-99.0,,0.0002039,2004.0,2004.0
402,34.0,30.0,DNK,i,193845.0,,male,-99.0,,0.0003508,2004.0,2004.0
403,39.0,35.0,DNK,i,213552.0,,male,-99.0,,0.0007961,2004.0,2004.0
404,44.0,40.0,DNK,i,201396.0,,male,-99.0,,0.0011966,2004.0,2004.0
405,49.0,45.0,DNK,i,186963.0,,male,-99.0,,0.0012409,2004.0,2004.0
406,54.0,50.0,DNK,i,181219.0,,male,-99.0,,0.0015892,2004.0,2004.0
407,59.0,55.0,DNK,i,197128.0,,male,-99.0,,0.0013494,2004.0,2004.0
408,64.0,60.0,DNK,i,153513.0,,male,-99.0,,0.0012442,2004.0,2004.0
409,69.0,65.0,DNK,i,114829.0,,male,-99.0,,0.0009841,2004.0,2004.0
410,74.0,70.0,DNK,i,87616.0,,male,-99.0,,0.000993,2004.0,2004.0
411,79.0,75.0,DNK,i,68206.0,,male,-99.0,,0.0011583,2004.0,2004.0
412,100.0,80.0,DNK,i,73958.0,,male,-99.0,,0.0011763,2004.0,2004.0
413,9.0,5.0,DNK,i,175230.0,,male,-99.0,,5.71e-06,2005.0,2005.0
414,14.0,10.0,DNK,i,178789.0,,male,-99.0,,2.8e-05,2005.0,2005.0
415,19.0,15.0,DNK,i,158935.0,,male,-99.0,,1.89e-05,2005.0,2005.0
416,24.0,20.0,DNK,i,147793.0,,male,-99.0,,0.0001827,2005.0,2005.0
417,29.0,25.0,DNK,i,170562.0,,male,-99.0,,0.0002169,2005.0,2005.0
418,34.0,30.0,DNK,i,193505.0,,male,-99.0,,0.0002429,2005.0,2005.0
419,39.0,35.0,DNK,i,207311.0,,male,-99.0,,0.0006367,2005.0,2005.0
420,44.0,40.0,DNK,i,206601.0,,male,-99.0,,0.0011907,2005.0,2005.0
421,49.0,45.0,DNK,i,187776.0,,male,-99.0,,0.0014059,2005.0,2005.0
422,54.0,50.0,DNK,i,180718.0,,male,-99.0,,0.0016102,2005.0,2005.0
423,59.0,55.0,DNK,i,192796.0,,male,-99.0,,0.0012604,2005.0,2005.0
424,64.0,60.0,DNK,i,163893.0,,male,-99.0,,0.0012264,2005.0,2005.0
425,69.0,65.0,DNK,i,118272.0,,male,-99.0,,0.0010146,2005.0,2005.0
426,74.0,70.0,DNK,i,89003.0,,male,-99.0,,0.0010786,2005.0,2005.0
427,79.0,75.0,DNK,i,68207.0,,male,-99.0,,0.0013049,2005.0,2005.0
428,100.0,80.0,DNK,i,75117.0,,male,-99.0,,0.0011981,2005.0,2005.0
429,4.0,0.0,DNK,i,163333.0,,male,-99.0,,1.84e-05,2006.0,2006.0
430,9.0,5.0,DNK,i,173057.0,,male,-99.0,,5.78e-06,2006.0,2006.0
431,14.0,10.0,DNK,i,180618.0,,male,-99.0,,5.54e-06,2006.0,2006.0
432,19.0,15.0,DNK,i,163645.0,,male,-99.0,,6.11e-05,2006.0,2006.0
433,24.0,20.0,DNK,i,149089.0,,male,-99.0,,7.38e-05,2006.0,2006.0
434,29.0,25.0,DNK,i,164850.0,,male,-99.0,,0.0002123,2006.0,2006.0
435,34.0,30.0,DNK,i,191365.0,,male,-99.0,,0.000371,2006.0,2006.0
436,39.0,35.0,DNK,i,200966.0,,male,-99.0,,0.0007613,2006.0,2006.0
437,44.0,40.0,DNK,i,212266.0,,male,-99.0,,0.0009658,2006.0,2006.0
438,49.0,45.0,DNK,i,188818.0,,male,-99.0,,0.001663,2006.0,2006.0
439,54.0,50.0,DNK,i,181247.0,,male,-99.0,,0.0016497,2006.0,2006.0
440,59.0,55.0,DNK,i,186457.0,,male,-99.0,,0.0012711,2006.0,2006.0
441,64.0,60.0,DNK,i,174974.0,,male,-99.0,,0.0013145,2006.0,2006.0
442,69.0,65.0,DNK,i,121821.0,,male,-99.0,,0.0011574,2006.0,2006.0
443,74.0,70.0,DNK,i,91067.0,,male,-99.0,,0.001164,2006.0,2006.0
444,79.0,75.0,DNK,i,68345.0,,male,-99.0,,0.0012583,2006.0,2006.0
445,100.0,80.0,DNK,i,76425.0,,male,-99.0,,0.0010729,2006.0,2006.0
446,4.0,0.0,ESP,i,938699.0,,male,-99.0,,1.49e-05,2000.0,2000.0
447,9.0,5.0,ESP,i,997854.0,,male,-99.0,,3.41e-05,2000.0,2000.0
448,14.0,10.0,ESP,i,1104713.0,,male,-99.0,,3.26e-05,2000.0,2000.0
449,19.0,15.0,ESP,i,1341096.0,,male,-99.0,,9.25e-05,2000.0,2000.0
450,24.0,20.0,ESP,i,1651497.0,,male,-99.0,,0.0001659,2000.0,2000.0
451,29.0,25.0,ESP,i,1719419.0,,male,-99.0,,0.0003199,2000.0,2000.0
452,34.0,30.0,ESP,i,1671164.0,,male,-99.0,,0.0007791,2000.0,2000.0
453,39.0,35.0,ESP,i,1590928.0,,male,-99.0,,0.0012596,2000.0,2000.0
454,44.0,40.0,ESP,i,1436505.0,,male,-99.0,,0.0013505,2000.0,2000.0
455,49.0,45.0,ESP,i,1260589.0,,male,-99.0,,0.0014739,2000.0,2000.0
456,54.0,50.0,ESP,i,1188104.0,,male,-99.0,,0.0014915,2000.0,2000.0
457,59.0,55.0,ESP,i,1030281.0,,male,-99.0,,0.001322,2000.0,2000.0
458,64.0,60.0,ESP,i,918749.0,,male,-99.0,,0.0016,2000.0,2000.0
459,69.0,65.0,ESP,i,967288.0,,male,-99.0,,0.0024191,2000.0,2000.0
460,74.0,70.0,ESP,i,800304.0,,male,-99.0,,0.002644,2000.0,2000.0
461,79.0,75.0,ESP,i,568523.0,,male,-99.0,,0.0036269,2000.0,2000.0
462,100.0,80.0,ESP,i,518835.0,,male,-99.0,,0.0039859,2000.0,2000.0
463,4.0,0.0,ESP,i,960415.0,,male,-99.0,,1.46e-05,2001.0,2001.0
464,9.0,5.0,ESP,i,986715.0,,male,-99.0,,2.43e-05,2001.0,2001.0
465,14.0,10.0,ESP,i,1090375.0,,male,-99.0,,2.93e-05,2001.0,2001.0
466,19.0,15.0,ESP,i,1291854.0,,male,-99.0,,7.28e-05,2001.0,2001.0
467,24.0,20.0,ESP,i,1629142.0,,male,-99.0,,0.0001854,2001.0,2001.0
468,29.0,25.0,ESP,i,1763734.0,,male,-99.0,,0.0002982,2001.0,2001.0
469,34.0,30.0,ESP,i,1707823.0,,male,-99.0,,0.0007073,2001.0,2001.0
470,39.0,35.0,ESP,i,1639018.0,,male,-99.0,,0.0012666,2001.0,2001.0
471,44.0,40.0,ESP,i,1488347.0,,male,-99.0,,0.0015225,2001.0,2001.0
472,49.0,45.0,ESP,i,1293142.0,,male,-99.0,,0.0015033,2001.0,2001.0
473,54.0,50.0,ESP,i,1204000.0,,male,-99.0,,0.0014934,2001.0,2001.0
474,59.0,55.0,ESP,i,1073074.0,,male,-99.0,,0.0015861,2001.0,2001.0
475,64.0,60.0,ESP,i,903769.0,,male,-99.0,,0.0016553,2001.0,2001.0
476,69.0,65.0,ESP,i,961302.0,,male,-99.0,,0.0022844,2001.0,2001.0
477,74.0,70.0,ESP,i,818541.0,,male,-99.0,,0.003064,2001.0,2001.0
478,79.0,75.0,ESP,i,589369.0,,male,-99.0,,0.0037023,2001.0,2001.0
479,100.0,80.0,ESP,i,540806.0,,male,-99.0,,0.0043676,2001.0,2001.0
480,4.0,0.0,ESP,i,994616.0,,male,-99.0,,1.81e-05,2002.0,2002.0
481,9.0,5.0,ESP,i,985906.0,,male,-99.0,,2.23e-05,2002.0,2002.0
482,14.0,10.0,ESP,i,1083961.0,,male,-99.0,,2.77e-05,2002.0,2002.0
483,19.0,15.0,ESP,i,1253562.0,,male,-99.0,,0.0001165,2002.0,2002.0
484,24.0,20.0,ESP,i,1602220.0,,male,-99.0,,0.0001847,2002.0,2002.0
485,29.0,25.0,ESP,i,1811415.0,,male,-99.0,,0.0003588,2002.0,2002.0
486,34.0,30.0,ESP,i,1755388.0,,male,-99.0,,0.0007269,2002.0,2002.0
487,39.0,35.0,ESP,i,1687291.0,,male,-99.0,,0.0011699,2002.0,2002.0
488,44.0,40.0,ESP,i,1541779.0,,male,-99.0,,0.0015177,2002.0,2002.0
489,49.0,45.0,ESP,i,1337337.0,,male,-99.0,,0.0015254,2002.0,2002.0
490,54.0,50.0,ESP,i,1217918.0,,male,-99.0,,0.0015732,2002.0,2002.0
491,59.0,55.0,ESP,i,1109869.0,,male,-99.0,,0.0014867,2002.0,2002.0
492,64.0,60.0,ESP,i,914382.0,,male,-99.0,,0.0015639,2002.0,2002.0
493,69.0,65.0,ESP,i,943695.0,,male,-99.0,,0.0021956,2002.0,2002.0
494,74.0,70.0,ESP,i,836377.0,,male,-99.0,,0.0027715,2002.0,2002.0
495,79.0,75.0,ESP,i,607260.0,,male,-99.0,,0.003501,2002.0,2002.0
496,100.0,80.0,ESP,i,566206.0,,male,-99.0,,0.0044048,2002.0,2002.0
497,4.0,0.0,ESP,i,1038201.0,,male,-99.0,,2.31e-05,2003.0,2003.0
498,9.0,5.0,ESP,i,994527.0,,male,-99.0,,2.41e-05,2003.0,2003.0
499,14.0,10.0,ESP,i,1081289.0,,male,-99.0,,4.25e-05,2003.0,2003.0
500,19.0,15.0,ESP,i,1224727.0,,male,-99.0,,9.96e-05,2003.0,2003.0
501,24.0,20.0,ESP,i,1570391.0,,male,-99.0,,0.0001936,2003.0,2003.0
502,29.0,25.0,ESP,i,1854184.0,,male,-99.0,,0.0003344,2003.0,2003.0
503,34.0,30.0,ESP,i,1813244.0,,male,-99.0,,0.0006971,2003.0,2003.0
504,39.0,35.0,ESP,i,1735294.0,,male,-99.0,,0.0011687,2003.0,2003.0
505,44.0,40.0,ESP,i,1594602.0,,male,-99.0,,0.0015001,2003.0,2003.0
506,49.0,45.0,ESP,i,1390045.0,,male,-99.0,,0.0016791,2003.0,2003.0
507,54.0,50.0,ESP,i,1236060.0,,male,-99.0,,0.0015582,2003.0,2003.0
508,59.0,55.0,ESP,i,1140941.0,,male,-99.0,,0.0016583,2003.0,2003.0
509,64.0,60.0,ESP,i,940237.0,,male,-99.0,,0.0017017,2003.0,2003.0
510,69.0,65.0,ESP,i,922492.0,,male,-99.0,,0.0022114,2003.0,2003.0
511,74.0,70.0,ESP,i,852078.0,,male,-99.0,,0.0030654,2003.0,2003.0
512,79.0,75.0,ESP,i,624920.0,,male,-99.0,,0.0036165,2003.0,2003.0
513,100.0,80.0,ESP,i,595776.0,,male,-99.0,,0.0043943,2003.0,2003.0
514,4.0,0.0,ESP,i,1079631.0,,male,-99.0,,7.41e-06,2004.0,2004.0
515,9.0,5.0,ESP,i,1007512.0,,male,-99.0,,4.17e-05,2004.0,2004.0
516,14.0,10.0,ESP,i,1077010.0,,male,-99.0,,5.94e-05,2004.0,2004.0
517,19.0,15.0,ESP,i,1202249.0,,male,-99.0,,0.0001065,2004.0,2004.0
518,24.0,20.0,ESP,i,1532928.0,,male,-99.0,,0.0001879,2004.0,2004.0
519,29.0,25.0,ESP,i,1883488.0,,male,-99.0,,0.0003048,2004.0,2004.0
520,34.0,30.0,ESP,i,1874662.0,,male,-99.0,,0.0006497,2004.0,2004.0
521,39.0,35.0,ESP,i,1782856.0,,male,-99.0,,0.001133,2004.0,2004.0
522,44.0,40.0,ESP,i,1645570.0,,male,-99.0,,0.0015132,2004.0,2004.0
523,49.0,45.0,ESP,i,1446418.0,,male,-99.0,,0.0016109,2004.0,2004.0
524,54.0,50.0,ESP,i,1260632.0,,male,-99.0,,0.0015802,2004.0,2004.0
525,59.0,55.0,ESP,i,1168247.0,,male,-99.0,,0.0015185,2004.0,2004.0
526,64.0,60.0,ESP,i,973215.0,,male,-99.0,,0.0018495,2004.0,2004.0
527,69.0,65.0,ESP,i,900764.0,,male,-99.0,,0.0023846,2004.0,2004.0
528,74.0,70.0,ESP,i,864608.0,,male,-99.0,,0.0030118,2004.0,2004.0
529,79.0,75.0,ESP,i,642578.0,,male,-99.0,,0.0037879,2004.0,2004.0
530,100.0,80.0,ESP,i,626750.0,,male,-99.0,,0.0047834,2004.0,2004.0
531,4.0,0.0,ESP,i,1115517.0,,male,-99.0,,5.38e-06,2005.0,2005.0
532,9.0,5.0,ESP,i,1028644.0,,male,-99.0,,3.11e-05,2005.0,2005.0
533,14.0,10.0,ESP,i,1070736.0,,male,-99.0,,4.3e-05,2005.0,2005.0
534,19.0,15.0,ESP,i,1186713.0,,male,-99.0,,0.0001062,2005.0,2005.0
535,24.0,20.0,ESP,i,1497256.0,,male,-99.0,,0.0002204,2005.0,2005.0
536,29.0,25.0,ESP,i,1902958.0,,male,-99.0,,0.0003195,2005.0,2005.0
537,34.0,30.0,ESP,i,1942012.0,,male,-99.0,,0.0005983,2005.0,2005.0
538,39.0,35.0,ESP,i,1832702.0,,male,-99.0,,0.0011164,2005.0,2005.0
539,44.0,40.0,ESP,i,1698750.0,,male,-99.0,,0.0015247,2005.0,2005.0
540,49.0,45.0,ESP,i,1503884.0,,male,-99.0,,0.0017754,2005.0,2005.0
541,54.0,50.0,ESP,i,1289800.0,,male,-99.0,,0.0017134,2005.0,2005.0
542,59.0,55.0,ESP,i,1191754.0,,male,-99.0,,0.001601,2005.0,2005.0
543,64.0,60.0,ESP,i,1016736.0,,male,-99.0,,0.001735,2005.0,2005.0
544,69.0,65.0,ESP,i,879102.0,,male,-99.0,,0.0023365,2005.0,2005.0
545,74.0,70.0,ESP,i,871826.0,,male,-99.0,,0.0030832,2005.0,2005.0
546,79.0,75.0,ESP,i,660902.0,,male,-99.0,,0.0038251,2005.0,2005.0
547,100.0,80.0,ESP,i,658718.0,,male,-99.0,,0.0048306,2005.0,2005.0
548,14.0,10.0,FIN,i,166561.0,,male,-99.0,,3e-05,2002.0,2002.0
549,19.0,15.0,FIN,i,166769.0,,male,-99.0,,0.0001379,2002.0,2002.0
550,24.0,20.0,FIN,i,166777.0,,male,-99.0,,0.0002878,2002.0,2002.0
551,29.0,25.0,FIN,i,161945.0,,male,-99.0,,0.0006731,2002.0,2002.0
552,34.0,30.0,FIN,i,167405.0,,male,-99.0,,0.0014575,2002.0,2002.0
553,39.0,35.0,FIN,i,191009.0,,male,-99.0,,0.0020366,2002.0,2002.0
554,44.0,40.0,FIN,i,191376.0,,male,-99.0,,0.0029419,2002.0,2002.0
555,49.0,45.0,FIN,i,199635.0,,male,-99.0,,0.0026849,2002.0,2002.0
556,54.0,50.0,FIN,i,210723.0,,male,-99.0,,0.0027809,2002.0,2002.0
557,59.0,55.0,FIN,i,171737.0,,male,-99.0,,0.0024398,2002.0,2002.0
558,64.0,60.0,FIN,i,130597.0,,male,-99.0,,0.0018913,2002.0,2002.0
559,69.0,65.0,FIN,i,104832.0,,male,-99.0,,0.001822,2002.0,2002.0
560,74.0,70.0,FIN,i,90716.0,,male,-99.0,,0.0014551,2002.0,2002.0
561,79.0,75.0,FIN,i,62200.0,,male,-99.0,,0.0015916,2002.0,2002.0
562,100.0,80.0,FIN,i,51166.0,,male,-99.0,,0.002189,2002.0,2002.0
563,9.0,5.0,FIN,i,158242.0,,male,-99.0,,6.32e-06,2003.0,2003.0
564,14.0,10.0,FIN,i,168310.0,,male,-99.0,,1.78e-05,2003.0,2003.0
565,19.0,15.0,FIN,i,164260.0,,male,-99.0,,7.31e-05,2003.0,2003.0
566,24.0,20.0,FIN,i,168203.0,,male,-99.0,,0.0002854,2003.0,2003.0
567,29.0,25.0,FIN,i,165743.0,,male,-99.0,,0.0007723,2003.0,2003.0
568,34.0,30.0,FIN,i,161010.0,,male,-99.0,,0.0011614,2003.0,2003.0
569,39.0,35.0,FIN,i,188556.0,,male,-99.0,,0.001782,2003.0,2003.0
570,44.0,40.0,FIN,i,191883.0,,male,-99.0,,0.0034031,2003.0,2003.0
571,49.0,45.0,FIN,i,196593.0,,male,-99.0,,0.0028027,2003.0,2003.0
572,54.0,50.0,FIN,i,206404.0,,male,-99.0,,0.0030135,2003.0,2003.0
573,59.0,55.0,FIN,i,188064.0,,male,-99.0,,0.0025949,2003.0,2003.0
574,64.0,60.0,FIN,i,129918.0,,male,-99.0,,0.0019551,2003.0,2003.0
575,69.0,65.0,FIN,i,107943.0,,male,-99.0,,0.0015842,2003.0,2003.0
576,74.0,70.0,FIN,i,90539.0,,male,-99.0,,0.0018114,2003.0,2003.0
577,79.0,75.0,FIN,i,64939.0,,male,-99.0,,0.0014937,2003.0,2003.0
578,100.0,80.0,FIN,i,53462.0,,male,-99.0,,0.0024316,2003.0,2003.0
579,9.0,5.0,FIN,i,154517.0,,male,-99.0,,6.47e-06,2004.0,2004.0
580,14.0,10.0,FIN,i,168670.0,,male,-99.0,,3.56e-05,2004.0,2004.0
581,19.0,15.0,FIN,i,162971.0,,male,-99.0,,0.0001166,2004.0,2004.0
582,24.0,20.0,FIN,i,169799.0,,male,-99.0,,0.0002356,2004.0,2004.0
583,29.0,25.0,FIN,i,168558.0,,male,-99.0,,0.0007001,2004.0,2004.0
584,34.0,30.0,FIN,i,157243.0,,male,-99.0,,0.001221,2004.0,2004.0
585,39.0,35.0,FIN,i,184359.0,,male,-99.0,,0.0020178,2004.0,2004.0
586,44.0,40.0,FIN,i,192709.0,,male,-99.0,,0.0027243,2004.0,2004.0
587,49.0,45.0,FIN,i,194111.0,,male,-99.0,,0.0031631,2004.0,2004.0
588,54.0,50.0,FIN,i,201613.0,,male,-99.0,,0.0030603,2004.0,2004.0
589,59.0,55.0,FIN,i,200277.0,,male,-99.0,,0.0026863,2004.0,2004.0
590,64.0,60.0,FIN,i,131662.0,,male,-99.0,,0.0022254,2004.0,2004.0
591,69.0,65.0,FIN,i,111985.0,,male,-99.0,,0.001652,2004.0,2004.0
592,74.0,70.0,FIN,i,90094.0,,male,-99.0,,0.0018203,2004.0,2004.0
593,79.0,75.0,FIN,i,67504.0,,male,-99.0,,0.0019406,2004.0,2004.0
594,100.0,80.0,FIN,i,56398.0,,male,-99.0,,0.0021455,2004.0,2004.0
595,4.0,0.0,FIN,i,142973.0,,male,-99.0,,1.4e-05,2005.0,2005.0
596,9.0,5.0,FIN,i,151301.0,,male,-99.0,,6.61e-06,2005.0,2005.0
597,14.0,10.0,FIN,i,168102.0,,male,-99.0,,2.38e-05,2005.0,2005.0
598,19.0,15.0,FIN,i,163344.0,,male,-99.0,,0.0001224,2005.0,2005.0
599,24.0,20.0,FIN,i,170601.0,,male,-99.0,,0.0003165,2005.0,2005.0
600,29.0,25.0,FIN,i,169354.0,,male,-99.0,,0.00062,2005.0,2005.0
601,34.0,30.0,FIN,i,157495.0,,male,-99.0,,0.0011429,2005.0,2005.0
602,39.0,35.0,FIN,i,179383.0,,male,-99.0,,0.0017449,2005.0,2005.0
603,44.0,40.0,FIN,i,192226.0,,male,-99.0,,0.0026427,2005.0,2005.0
604,49.0,45.0,FIN,i,192187.0,,male,-99.0,,0.0027317,2005.0,2005.0
605,54.0,50.0,FIN,i,198086.0,,male,-99.0,,0.0026302,2005.0,2005.0
606,59.0,55.0,FIN,i,206808.0,,male,-99.0,,0.0025434,2005.0,2005.0
607,64.0,60.0,FIN,i,139145.0,,male,-99.0,,0.0023069,2005.0,2005.0
608,69.0,65.0,FIN,i,113514.0,,male,-99.0,,0.0015152,2005.0,2005.0
609,74.0,70.0,FIN,i,90573.0,,male,-99.0,,0.0014132,2005.0,2005.0
610,79.0,75.0,FIN,i,69813.0,,male,-99.0,,0.0015327,2005.0,2005.0
611,100.0,80.0,FIN,i,59821.0,,male,-99.0,,0.0014711,2005.0,2005.0
612,14.0,10.0,FIN,i,166240.0,,male,-99.0,,6.02e-06,2006.0,2006.0
613,19.0,15.0,FIN,i,165130.0,,male,-99.0,,0.0001756,2006.0,2006.0
614,24.0,20.0,FIN,i,170286.0,,male,-99.0,,0.0004581,2006.0,2006.0
615,29.0,25.0,FIN,i,169301.0,,male,-99.0,,0.0007915,2006.0,2006.0
616,34.0,30.0,FIN,i,160300.0,,male,-99.0,,0.000942,2006.0,2006.0
617,39.0,35.0,FIN,i,174098.0,,male,-99.0,,0.0019012,2006.0,2006.0
618,44.0,40.0,FIN,i,191360.0,,male,-99.0,,0.0028951,2006.0,2006.0
619,49.0,45.0,FIN,i,190164.0,,male,-99.0,,0.0027976,2006.0,2006.0
620,54.0,50.0,FIN,i,196531.0,,male,-99.0,,0.0025034,2006.0,2006.0
621,59.0,55.0,FIN,i,206116.0,,male,-99.0,,0.0025277,2006.0,2006.0
622,64.0,60.0,FIN,i,149364.0,,male,-99.0,,0.001888,2006.0,2006.0
623,69.0,65.0,FIN,i,117423.0,,male,-99.0,,0.0016692,2006.0,2006.0
624,74.0,70.0,FIN,i,91167.0,,male,-99.0,,0.0016344,2006.0,2006.0
625,79.0,75.0,FIN,i,71926.0,,male,-99.0,,0.0013069,2006.0,2006.0
626,100.0,80.0,FIN,i,63523.0,,male,-99.0,,0.00159,2006.0,2006.0
627,4.0,0.0,GBR,i,1793428.0,,male,-99.0,,3.9e-06,2000.0,2000.0
628,9.0,5.0,GBR,i,1946379.0,,male,-99.0,,1.44e-05,2000.0,2000.0
629,14.0,10.0,GBR,i,1973103.0,,male,-99.0,,1.82e-05,2000.0,2000.0
630,19.0,15.0,GBR,i,1854120.0,,male,-99.0,,7.12e-05,2000.0,2000.0
631,24.0,20.0,GBR,i,1760404.0,,male,-99.0,,0.0002159,2000.0,2000.0
632,29.0,25.0,GBR,i,2011603.0,,male,-99.0,,0.0003346,2000.0,2000.0
633,34.0,30.0,GBR,i,2279347.0,,male,-99.0,,0.0005519,2000.0,2000.0
634,39.0,35.0,GBR,i,2272839.0,,male,-99.0,,0.0007189,2000.0,2000.0
635,44.0,40.0,GBR,i,2020863.0,,male,-99.0,,0.0008091,2000.0,2000.0
636,49.0,45.0,GBR,i,1857684.0,,male,-99.0,,0.0008963,2000.0,2000.0
637,54.0,50.0,GBR,i,1989528.0,,male,-99.0,,0.000756,2000.0,2000.0
638,59.0,55.0,GBR,i,1613522.0,,male,-99.0,,0.0006824,2000.0,2000.0
639,64.0,60.0,GBR,i,1414889.0,,male,-99.0,,0.0006778,2000.0,2000.0
640,69.0,65.0,GBR,i,1240069.0,,male,-99.0,,0.0007016,2000.0,2000.0
641,74.0,70.0,GBR,i,1055656.0,,male,-99.0,,0.0007474,2000.0,2000.0
642,79.0,75.0,GBR,i,827322.0,,male,-99.0,,0.000753,2000.0,2000.0
643,100.0,80.0,GBR,i,755543.0,,male,-99.0,,0.0009265,2000.0,2000.0
644,4.0,0.0,GBR,i,1768815.0,,male,-99.0,,8.48e-06,2001.0,2001.0
645,9.0,5.0,GBR,i,1925825.0,,male,-99.0,,1.51e-05,2001.0,2001.0
646,14.0,10.0,GBR,i,1981668.0,,male,-99.0,,2.17e-05,2001.0,2001.0
647,19.0,15.0,GBR,i,1894696.0,,male,-99.0,,7.65e-05,2001.0,2001.0
648,24.0,20.0,GBR,i,1778681.0,,male,-99.0,,0.0002024,2001.0,2001.0
649,29.0,25.0,GBR,i,1965910.0,,male,-99.0,,0.0003759,2001.0,2001.0
650,34.0,30.0,GBR,i,2247428.0,,male,-99.0,,0.0005375,2001.0,2001.0
651,39.0,35.0,GBR,i,2301831.0,,male,-99.0,,0.0007268,2001.0,2001.0
652,44.0,40.0,GBR,i,2072355.0,,male,-99.0,,0.0008758,2001.0,2001.0
653,49.0,45.0,GBR,i,1856161.0,,male,-99.0,,0.0009116,2001.0,2001.0
654,54.0,50.0,GBR,i,1983818.0,,male,-99.0,,0.0007546,2001.0,2001.0
655,59.0,55.0,GBR,i,1676638.0,,male,-99.0,,0.0007652,2001.0,2001.0
656,64.0,60.0,GBR,i,1427839.0,,male,-99.0,,0.0007088,2001.0,2001.0
657,69.0,65.0,GBR,i,1246700.0,,male,-99.0,,0.0007235,2001.0,2001.0
658,74.0,70.0,GBR,i,1052933.0,,male,-99.0,,0.0007664,2001.0,2001.0
659,79.0,75.0,GBR,i,838672.0,,male,-99.0,,0.000874,2001.0,2001.0
660,100.0,80.0,GBR,i,778793.0,,male,-99.0,,0.0010028,2001.0,2001.0
661,4.0,0.0,GBR,i,1747270.0,,male,-99.0,,1.14e-05,2002.0,2002.0
662,9.0,5.0,GBR,i,1900292.0,,male,-99.0,,7.37e-06,2002.0,2002.0
663,14.0,10.0,GBR,i,1984645.0,,male,-99.0,,2.42e-05,2002.0,2002.0
664,19.0,15.0,GBR,i,1936628.0,,male,-99.0,,8.16e-05,2002.0,2002.0
665,24.0,20.0,GBR,i,1820630.0,,male,-99.0,,0.0002098,2002.0,2002.0
666,29.0,25.0,GBR,i,1924935.0,,male,-99.0,,0.0003444,2002.0,2002.0
667,34.0,30.0,GBR,i,2207259.0,,male,-99.0,,0.0005622,2002.0,2002.0
668,39.0,35.0,GBR,i,2320065.0,,male,-99.0,,0.0007452,2002.0,2002.0
669,44.0,40.0,GBR,i,2127083.0,,male,-99.0,,0.0008871,2002.0,2002.0
670,49.0,45.0,GBR,i,1875137.0,,male,-99.0,,0.0009279,2002.0,2002.0
671,54.0,50.0,GBR,i,1946391.0,,male,-99.0,,0.0007943,2002.0,2002.0
672,59.0,55.0,GBR,i,1753954.0,,male,-99.0,,0.000715,2002.0,2002.0
673,64.0,60.0,GBR,i,1439969.0,,male,-99.0,,0.0006965,2002.0,2002.0
674,69.0,65.0,GBR,i,1256082.0,,male,-99.0,,0.0007523,2002.0,2002.0
675,74.0,70.0,GBR,i,1054725.0,,male,-99.0,,0.0007898,2002.0,2002.0
676,79.0,75.0,GBR,i,841286.0,,male,-99.0,,0.0008582,2002.0,2002.0
677,100.0,80.0,GBR,i,808024.0,,male,-99.0,,0.0010037,2002.0,2002.0
678,4.0,0.0,GBR,i,1731722.0,,male,-99.0,,9.24e-06,2003.0,2003.0
679,9.0,5.0,GBR,i,1871916.0,,male,-99.0,,1.87e-05,2003.0,2003.0
680,14.0,10.0,GBR,i,1981730.0,,male,-99.0,,1.61e-05,2003.0,2003.0
681,19.0,15.0,GBR,i,1976346.0,,male,-99.0,,8.35e-05,2003.0,2003.0
682,24.0,20.0,GBR,i,1878076.0,,male,-99.0,,0.0002082,2003.0,2003.0
683,29.0,25.0,GBR,i,1893534.0,,male,-99.0,,0.0004014,2003.0,2003.0
684,34.0,30.0,GBR,i,2161801.0,,male,-99.0,,0.0005565,2003.0,2003.0
685,39.0,35.0,GBR,i,2326723.0,,male,-99.0,,0.0007633,2003.0,2003.0
686,44.0,40.0,GBR,i,2181024.0,,male,-99.0,,0.0009583,2003.0,2003.0
687,49.0,45.0,GBR,i,1910561.0,,male,-99.0,,0.000961,2003.0,2003.0
688,54.0,50.0,GBR,i,1892513.0,,male,-99.0,,0.0008597,2003.0,2003.0
689,59.0,55.0,GBR,i,1832107.0,,male,-99.0,,0.0007772,2003.0,2003.0
690,64.0,60.0,GBR,i,1456325.0,,male,-99.0,,0.0007965,2003.0,2003.0
691,69.0,65.0,GBR,i,1267859.0,,male,-99.0,,0.0008132,2003.0,2003.0
692,74.0,70.0,GBR,i,1060463.0,,male,-99.0,,0.0008355,2003.0,2003.0
693,79.0,75.0,GBR,i,838619.0,,male,-99.0,,0.0009039,2003.0,2003.0
694,100.0,80.0,GBR,i,841143.0,,male,-99.0,,0.0009392,2003.0,2003.0
695,4.0,0.0,GBR,i,1725503.0,,male,-99.0,,5.8e-06,2004.0,2004.0
696,9.0,5.0,GBR,i,1843499.0,,male,-99.0,,1.3e-05,2004.0,2004.0
697,14.0,10.0,GBR,i,1972762.0,,male,-99.0,,1.52e-05,2004.0,2004.0
698,19.0,15.0,GBR,i,2009781.0,,male,-99.0,,9.3e-05,2004.0,2004.0
699,24.0,20.0,GBR,i,1939285.0,,male,-99.0,,0.000181,2004.0,2004.0
700,29.0,25.0,GBR,i,1877591.0,,male,-99.0,,0.0004426,2004.0,2004.0
701,34.0,30.0,GBR,i,2114813.0,,male,-99.0,,0.0006355,2004.0,2004.0
702,39.0,35.0,GBR,i,2321422.0,,male,-99.0,,0.0008335,2004.0,2004.0
703,44.0,40.0,GBR,i,2229372.0,,male,-99.0,,0.0009886,2004.0,2004.0
704,49.0,45.0,GBR,i,1955160.0,,male,-99.0,,0.001004,2004.0,2004.0
705,54.0,50.0,GBR,i,1844294.0,,male,-99.0,,0.0009792,2004.0,2004.0
706,59.0,55.0,GBR,i,1892835.0,,male,-99.0,,0.0007243,2004.0,2004.0
707,64.0,60.0,GBR,i,1483883.0,,male,-99.0,,0.0007865,2004.0,2004.0
708,69.0,65.0,GBR,i,1281540.0,,male,-99.0,,0.0008833,2004.0,2004.0
709,74.0,70.0,GBR,i,1068810.0,,male,-99.0,,0.0008991,2004.0,2004.0
710,79.0,75.0,GBR,i,835986.0,,male,-99.0,,0.0009318,2004.0,2004.0
711,100.0,80.0,GBR,i,874996.0,,male,-99.0,,0.0009417,2004.0,2004.0
712,4.0,0.0,GBR,i,1730422.0,,male,-99.0,,7.51e-06,2005.0,2005.0
713,9.0,5.0,GBR,i,1817419.0,,male,-99.0,,6.6e-06,2005.0,2005.0
714,14.0,10.0,GBR,i,1957928.0,,male,-99.0,,1.69e-05,2005.0,2005.0
715,19.0,15.0,GBR,i,2034025.0,,male,-99.0,,7.62e-05,2005.0,2005.0
716,24.0,20.0,GBR,i,1995382.0,,male,-99.0,,0.000203,2005.0,2005.0
717,29.0,25.0,GBR,i,1880795.0,,male,-99.0,,0.0004062,2005.0,2005.0
718,34.0,30.0,GBR,i,2069622.0,,male,-99.0,,0.0006291,2005.0,2005.0
719,39.0,35.0,GBR,i,2304384.0,,male,-99.0,,0.0008779,2005.0,2005.0
720,44.0,40.0,GBR,i,2268444.0,,male,-99.0,,0.001054,2005.0,2005.0
721,49.0,45.0,GBR,i,2003079.0,,male,-99.0,,0.0010279,2005.0,2005.0
722,54.0,50.0,GBR,i,1817758.0,,male,-99.0,,0.0009908,2005.0,2005.0
723,59.0,55.0,GBR,i,1923859.0,,male,-99.0,,0.0007594,2005.0,2005.0
724,64.0,60.0,GBR,i,1526688.0,,male,-99.0,,0.0007998,2005.0,2005.0
725,69.0,65.0,GBR,i,1296954.0,,male,-99.0,,0.0007911,2005.0,2005.0
726,74.0,70.0,GBR,i,1078785.0,,male,-99.0,,0.0008751,2005.0,2005.0
727,79.0,75.0,GBR,i,837271.0,,male,-99.0,,0.0009364,2005.0,2005.0
728,100.0,80.0,GBR,i,907265.0,,male,-99.0,,0.0011452,2005.0,2005.0
729,19.0,15.0,ISL,i,10919.0,,male,-99.0,,9.16e-05,2000.0,2000.0
730,24.0,20.0,ISL,i,10787.0,,male,-99.0,,9.27e-05,2000.0,2000.0
731,29.0,25.0,ISL,i,10671.0,,male,-99.0,,9.37e-05,2000.0,2000.0
732,34.0,30.0,ISL,i,10206.0,,male,-99.0,,0.000196,2000.0,2000.0
733,39.0,35.0,ISL,i,10719.0,,male,-99.0,,0.0007463,2000.0,2000.0
734,44.0,40.0,ISL,i,10641.0,,male,-99.0,,0.0013157,2000.0,2000.0
735,49.0,45.0,ISL,i,9472.0,,male,-99.0,,0.0009502,2000.0,2000.0
736,54.0,50.0,ISL,i,8250.0,,male,-99.0,,0.0002424,2000.0,2000.0
737,59.0,55.0,ISL,i,6202.0,,male,-99.0,,0.0012899,2000.0,2000.0
738,64.0,60.0,ISL,i,4784.0,,male,-99.0,,0.0010452,2000.0,2000.0
739,69.0,65.0,ISL,i,4675.0,,male,-99.0,,0.0008556,2000.0,2000.0
740,74.0,70.0,ISL,i,4068.0,,male,-99.0,,0.0012291,2000.0,2000.0
741,79.0,75.0,ISL,i,2985.0,,male,-99.0,,0.001005,2000.0,2000.0
742,100.0,80.0,ISL,i,2933.0,,male,-99.0,,0.0017047,2000.0,2000.0
743,24.0,20.0,ISL,i,11020.0,,male,-99.0,,0.0002722,2001.0,2001.0
744,29.0,25.0,ISL,i,10897.0,,male,-99.0,,0.0005506,2001.0,2001.0
745,34.0,30.0,ISL,i,10148.0,,male,-99.0,,0.0001971,2001.0,2001.0
746,39.0,35.0,ISL,i,10815.0,,male,-99.0,,0.0001849,2001.0,2001.0
747,44.0,40.0,ISL,i,10774.0,,male,-99.0,,0.0005569,2001.0,2001.0
748,49.0,45.0,ISL,i,9708.0,,male,-99.0,,0.0011331,2001.0,2001.0
749,54.0,50.0,ISL,i,8516.0,,male,-99.0,,0.0011743,2001.0,2001.0
750,59.0,55.0,ISL,i,6678.0,,male,-99.0,,0.0004492,2001.0,2001.0
751,64.0,60.0,ISL,i,4846.0,,male,-99.0,,0.0008254,2001.0,2001.0
752,69.0,65.0,ISL,i,4552.0,,male,-99.0,,0.0006591,2001.0,2001.0
753,74.0,70.0,ISL,i,4199.0,,male,-99.0,,0.0019052,2001.0,2001.0
754,79.0,75.0,ISL,i,3042.0,,male,-99.0,,0.0019724,2001.0,2001.0
755,100.0,80.0,ISL,i,3092.0,,male,-99.0,,0.0016171,2001.0,2001.0
756,24.0,20.0,ISL,i,11195.0,,male,-99.0,,0.0004466,2002.0,2002.0
757,29.0,25.0,ISL,i,10791.0,,male,-99.0,,0.000278,2002.0,2002.0
758,34.0,30.0,ISL,i,10185.0,,male,-99.0,,0.0002946,2002.0,2002.0
759,39.0,35.0,ISL,i,10781.0,,male,-99.0,,0.000371,2002.0,2002.0
760,44.0,40.0,ISL,i,10754.0,,male,-99.0,,0.0005579,2002.0,2002.0
761,49.0,45.0,ISL,i,10019.0,,male,-99.0,,0.0009981,2002.0,2002.0
762,54.0,50.0,ISL,i,8699.0,,male,-99.0,,0.0008047,2002.0,2002.0
763,59.0,55.0,ISL,i,7079.0,,male,-99.0,,0.0018364,2002.0,2002.0
764,64.0,60.0,ISL,i,5012.0,,male,-99.0,,0.0015962,2002.0,2002.0
765,74.0,70.0,ISL,i,4279.0,,male,-99.0,,0.0009348,2002.0,2002.0
766,79.0,75.0,ISL,i,3102.0,,male,-99.0,,0.0003224,2002.0,2002.0
767,100.0,80.0,ISL,i,3234.0,,male,-99.0,,0.0012369,2002.0,2002.0
768,24.0,20.0,ISL,i,11260.0,,male,-99.0,,0.0003552,2003.0,2003.0
769,29.0,25.0,ISL,i,10493.0,,male,-99.0,,0.0001906,2003.0,2003.0
770,34.0,30.0,ISL,i,10321.0,,male,-99.0,,0.0001938,2003.0,2003.0
771,44.0,40.0,ISL,i,10800.0,,male,-99.0,,0.000463,2003.0,2003.0
772,49.0,45.0,ISL,i,10197.0,,male,-99.0,,0.0008826,2003.0,2003.0
773,54.0,50.0,ISL,i,8957.0,,male,-99.0,,0.0007815,2003.0,2003.0
774,59.0,55.0,ISL,i,7417.0,,male,-99.0,,0.0005393,2003.0,2003.0
775,64.0,60.0,ISL,i,5256.0,,male,-99.0,,0.0009513,2003.0,2003.0
776,69.0,65.0,ISL,i,4493.0,,male,-99.0,,0.001558,2003.0,2003.0
777,74.0,70.0,ISL,i,4300.0,,male,-99.0,,0.0009302,2003.0,2003.0
778,79.0,75.0,ISL,i,3181.0,,male,-99.0,,0.0022006,2003.0,2003.0
779,100.0,80.0,ISL,i,3360.0,,male,-99.0,,0.0029762,2003.0,2003.0
780,19.0,15.0,ISL,i,10791.0,,male,-99.0,,9.27e-05,2004.0,2004.0
781,24.0,20.0,ISL,i,11158.0,,male,-99.0,,0.0004481,2004.0,2004.0
782,29.0,25.0,ISL,i,10439.0,,male,-99.0,,0.0002874,2004.0,2004.0
783,34.0,30.0,ISL,i,10497.0,,male,-99.0,,0.0001905,2004.0,2004.0
784,39.0,35.0,ISL,i,10498.0,,male,-99.0,,0.000381,2004.0,2004.0
785,44.0,40.0,ISL,i,10862.0,,male,-99.0,,0.0002762,2004.0,2004.0
786,49.0,45.0,ISL,i,10387.0,,male,-99.0,,0.001059,2004.0,2004.0
787,54.0,50.0,ISL,i,9258.0,,male,-99.0,,0.0007561,2004.0,2004.0
788,59.0,55.0,ISL,i,7763.0,,male,-99.0,,0.0009017,2004.0,2004.0
789,64.0,60.0,ISL,i,5567.0,,male,-99.0,,0.0010778,2004.0,2004.0
790,69.0,65.0,ISL,i,4530.0,,male,-99.0,,0.0006623,2004.0,2004.0
791,74.0,70.0,ISL,i,4280.0,,male,-99.0,,0.0014019,2004.0,2004.0
792,79.0,75.0,ISL,i,3269.0,,male,-99.0,,0.0015295,2004.0,2004.0
793,100.0,80.0,ISL,i,3475.0,,male,-99.0,,0.0017266,2004.0,2004.0
794,14.0,10.0,ISL,i,11754.0,,male,-99.0,,0.0001702,2005.0,2005.0
795,19.0,15.0,ISL,i,11183.0,,male,-99.0,,0.0005365,2005.0,2005.0
796,29.0,25.0,ISL,i,10829.0,,male,-99.0,,0.0003694,2005.0,2005.0
797,39.0,35.0,ISL,i,10508.0,,male,-99.0,,0.0001903,2005.0,2005.0
798,44.0,40.0,ISL,i,11027.0,,male,-99.0,,0.0003627,2005.0,2005.0
799,49.0,45.0,ISL,i,10841.0,,male,-99.0,,0.0014759,2005.0,2005.0
800,54.0,50.0,ISL,i,9541.0,,male,-99.0,,0.0007337,2005.0,2005.0
801,59.0,55.0,ISL,i,8179.0,,male,-99.0,,0.0007336,2005.0,2005.0
802,64.0,60.0,ISL,i,6001.0,,male,-99.0,,0.0014998,2005.0,2005.0
803,69.0,65.0,ISL,i,4550.0,,male,-99.0,,0.0010989,2005.0,2005.0
804,74.0,70.0,ISL,i,4223.0,,male,-99.0,,0.0009472,2005.0,2005.0
805,79.0,75.0,ISL,i,3396.0,,male,-99.0,,0.0005889,2005.0,2005.0
806,100.0,80.0,ISL,i,3584.0,,male,-99.0,,0.0027902,2005.0,2005.0
807,19.0,15.0,ISL,i,11678.0,,male,-99.0,,8.56e-05,2006.0,2006.0
808,24.0,20.0,ISL,i,10979.0,,male,-99.0,,0.0002732,2006.0,2006.0
809,29.0,25.0,ISL,i,11498.0,,male,-99.0,,0.0001739,2006.0,2006.0
810,34.0,30.0,ISL,i,11544.0,,male,-99.0,,0.0005198,2006.0,2006.0
811,39.0,35.0,ISL,i,10781.0,,male,-99.0,,0.000371,2006.0,2006.0
812,44.0,40.0,ISL,i,11508.0,,male,-99.0,,0.0007821,2006.0,2006.0
813,49.0,45.0,ISL,i,11418.0,,male,-99.0,,0.0008758,2006.0,2006.0
814,54.0,50.0,ISL,i,10044.0,,male,-99.0,,0.0006969,2006.0,2006.0
815,59.0,55.0,ISL,i,8582.0,,male,-99.0,,0.0015148,2006.0,2006.0
816,64.0,60.0,ISL,i,6486.0,,male,-99.0,,0.0006167,2006.0,2006.0
817,69.0,65.0,ISL,i,4595.0,,male,-99.0,,0.0006529,2006.0,2006.0
818,74.0,70.0,ISL,i,4157.0,,male,-99.0,,0.0004811,2006.0,2006.0
819,79.0,75.0,ISL,i,3537.0,,male,-99.0,,0.0016964,2006.0,2006.0
820,100.0,80.0,ISL,i,3710.0,,male,-99.0,,0.0024259,2006.0,2006.0
821,4.0,0.0,ISR,i,310368.0,,male,-99.0,,0.0001031,1999.0,1999.0
822,9.0,5.0,ISR,i,295706.0,,male,-99.0,,0.0001556,1999.0,1999.0
823,14.0,10.0,ISR,i,284592.0,,male,-99.0,,0.0001546,1999.0,1999.0
824,19.0,15.0,ISR,i,276810.0,,male,-99.0,,0.0003179,1999.0,1999.0
825,24.0,20.0,ISR,i,268786.0,,male,-99.0,,0.0003125,1999.0,1999.0
826,29.0,25.0,ISR,i,241482.0,,male,-99.0,,0.0004721,1999.0,1999.0
827,34.0,30.0,ISR,i,202335.0,,male,-99.0,,0.0006919,1999.0,1999.0
828,39.0,35.0,ISR,i,188271.0,,male,-99.0,,0.0008073,1999.0,1999.0
829,44.0,40.0,ISR,i,181805.0,,male,-99.0,,0.0008361,1999.0,1999.0
830,49.0,45.0,ISR,i,178093.0,,male,-99.0,,0.0010893,1999.0,1999.0
831,54.0,50.0,ISR,i,150212.0,,male,-99.0,,0.0007456,1999.0,1999.0
832,59.0,55.0,ISR,i,95239.0,,male,-99.0,,0.001869,1999.0,1999.0
833,64.0,60.0,ISR,i,95768.0,,male,-99.0,,0.0015454,1999.0,1999.0
834,69.0,65.0,ISR,i,80897.0,,male,-99.0,,0.0019284,1999.0,1999.0
835,74.0,70.0,ISR,i,69407.0,,male,-99.0,,0.0021612,1999.0,1999.0
836,79.0,75.0,ISR,i,54628.0,,male,-99.0,,0.0013912,1999.0,1999.0
837,100.0,80.0,ISR,i,54803.0,,male,-99.0,,0.0013868,1999.0,1999.0
838,4.0,0.0,ISR,i,318804.0,,male,-99.0,,0.0001317,2000.0,2000.0
839,9.0,5.0,ISR,i,300955.0,,male,-99.0,,0.000113,2000.0,2000.0
840,14.0,10.0,ISR,i,288296.0,,male,-99.0,,0.0001942,2000.0,2000.0
841,19.0,15.0,ISR,i,282180.0,,male,-99.0,,0.0002055,2000.0,2000.0
842,24.0,20.0,ISR,i,272268.0,,male,-99.0,,0.0003673,2000.0,2000.0
843,29.0,25.0,ISR,i,252390.0,,male,-99.0,,0.0005705,2000.0,2000.0
844,34.0,30.0,ISR,i,211782.0,,male,-99.0,,0.0006516,2000.0,2000.0
845,39.0,35.0,ISR,i,193034.0,,male,-99.0,,0.000746,2000.0,2000.0
846,44.0,40.0,ISR,i,185895.0,,male,-99.0,,0.0007424,2000.0,2000.0
847,49.0,45.0,ISR,i,182069.0,,male,-99.0,,0.0010655,2000.0,2000.0
848,54.0,50.0,ISR,i,161674.0,,male,-99.0,,0.0010144,2000.0,2000.0
849,59.0,55.0,ISR,i,100117.0,,male,-99.0,,0.0011786,2000.0,2000.0
850,64.0,60.0,ISR,i,98346.0,,male,-99.0,,0.0014235,2000.0,2000.0
851,69.0,65.0,ISR,i,82322.0,,male,-99.0,,0.001482,2000.0,2000.0
852,74.0,70.0,ISR,i,70671.0,,male,-99.0,,0.0017829,2000.0,2000.0
853,79.0,75.0,ISR,i,56103.0,,male,-99.0,,0.0011764,2000.0,2000.0
854,100.0,80.0,ISR,i,56703.0,,male,-99.0,,0.0014814,2000.0,2000.0
855,4.0,0.0,ISR,i,326963.0,,male,-99.0,,0.0002386,2001.0,2001.0
856,9.0,5.0,ISR,i,305960.0,,male,-99.0,,0.0001373,2001.0,2001.0
857,14.0,10.0,ISR,i,291674.0,,male,-99.0,,0.0001371,2001.0,2001.0
858,19.0,15.0,ISR,i,286912.0,,male,-99.0,,0.0003137,2001.0,2001.0
859,24.0,20.0,ISR,i,273716.0,,male,-99.0,,0.0004969,2001.0,2001.0
860,29.0,25.0,ISR,i,261296.0,,male,-99.0,,0.0007271,2001.0,2001.0
861,34.0,30.0,ISR,i,221907.0,,male,-99.0,,0.0008833,2001.0,2001.0
862,39.0,35.0,ISR,i,197629.0,,male,-99.0,,0.0009918,2001.0,2001.0
863,44.0,40.0,ISR,i,189208.0,,male,-99.0,,0.0011839,2001.0,2001.0
864,49.0,45.0,ISR,i,183598.0,,male,-99.0,,0.000817,2001.0,2001.0
865,54.0,50.0,ISR,i,170170.0,,male,-99.0,,0.0009872,2001.0,2001.0
866,59.0,55.0,ISR,i,109742.0,,male,-99.0,,0.0012757,2001.0,2001.0
867,64.0,60.0,ISR,i,99200.0,,male,-99.0,,0.0016532,2001.0,2001.0
868,69.0,65.0,ISR,i,84430.0,,male,-99.0,,0.0016582,2001.0,2001.0
869,74.0,70.0,ISR,i,71905.0,,male,-99.0,,0.0012517,2001.0,2001.0
870,79.0,75.0,ISR,i,56701.0,,male,-99.0,,0.0009171,2001.0,2001.0
871,100.0,80.0,ISR,i,59363.0,,male,-99.0,,0.0004717,2001.0,2001.0
872,4.0,0.0,ISR,i,334248.0,,male,-99.0,,7.78e-05,2002.0,2002.0
873,9.0,5.0,ISR,i,310878.0,,male,-99.0,,0.000148,2002.0,2002.0
874,14.0,10.0,ISR,i,295228.0,,male,-99.0,,0.0001761,2002.0,2002.0
875,19.0,15.0,ISR,i,289920.0,,male,-99.0,,0.0001932,2002.0,2002.0
876,24.0,20.0,ISR,i,275139.0,,male,-99.0,,0.0003344,2002.0,2002.0
877,29.0,25.0,ISR,i,267694.0,,male,-99.0,,0.0005753,2002.0,2002.0
878,34.0,30.0,ISR,i,231845.0,,male,-99.0,,0.000578,2002.0,2002.0
879,39.0,35.0,ISR,i,201267.0,,male,-99.0,,0.0009341,2002.0,2002.0
880,44.0,40.0,ISR,i,191355.0,,male,-99.0,,0.0009302,2002.0,2002.0
881,49.0,45.0,ISR,i,184158.0,,male,-99.0,,0.0010643,2002.0,2002.0
882,54.0,50.0,ISR,i,173926.0,,male,-99.0,,0.0007014,2002.0,2002.0
883,59.0,55.0,ISR,i,124526.0,,male,-99.0,,0.0010279,2002.0,2002.0
884,64.0,60.0,ISR,i,97527.0,,male,-99.0,,0.0018046,2002.0,2002.0
885,69.0,65.0,ISR,i,87725.0,,male,-99.0,,0.0022571,2002.0,2002.0
886,74.0,70.0,ISR,i,72680.0,,male,-99.0,,0.0020088,2002.0,2002.0
887,79.0,75.0,ISR,i,57204.0,,male,-99.0,,0.0020978,2002.0,2002.0
888,100.0,80.0,ISR,i,61977.0,,male,-99.0,,0.0012585,2002.0,2002.0
889,4.0,0.0,ISR,i,340059.0,,male,-99.0,,0.0001588,2003.0,2003.0
890,9.0,5.0,ISR,i,316277.0,,male,-99.0,,0.0001201,2003.0,2003.0
891,14.0,10.0,ISR,i,298798.0,,male,-99.0,,0.0002008,2003.0,2003.0
892,19.0,15.0,ISR,i,291028.0,,male,-99.0,,0.0001924,2003.0,2003.0
893,24.0,20.0,ISR,i,278929.0,,male,-99.0,,0.0002223,2003.0,2003.0
894,29.0,25.0,ISR,i,271097.0,,male,-99.0,,0.0005681,2003.0,2003.0
895,34.0,30.0,ISR,i,240623.0,,male,-99.0,,0.0006483,2003.0,2003.0
896,39.0,35.0,ISR,i,204768.0,,male,-99.0,,0.0010549,2003.0,2003.0
897,44.0,40.0,ISR,i,192897.0,,male,-99.0,,0.0009642,2003.0,2003.0
898,49.0,45.0,ISR,i,184838.0,,male,-99.0,,0.0013634,2003.0,2003.0
899,54.0,50.0,ISR,i,176910.0,,male,-99.0,,0.0010175,2003.0,2003.0
900,59.0,55.0,ISR,i,139343.0,,male,-99.0,,0.001177,2003.0,2003.0
901,64.0,60.0,ISR,i,94929.0,,male,-99.0,,0.002149,2003.0,2003.0
902,69.0,65.0,ISR,i,91141.0,,male,-99.0,,0.0014483,2003.0,2003.0
903,74.0,70.0,ISR,i,73243.0,,male,-99.0,,0.0017203,2003.0,2003.0
904,79.0,75.0,ISR,i,57550.0,,male,-99.0,,0.0022589,2003.0,2003.0
905,100.0,80.0,ISR,i,64639.0,,male,-99.0,,0.0011758,2003.0,2003.0
906,4.0,0.0,ISR,i,346529.0,,male,-99.0,,0.0001558,2004.0,2004.0
907,9.0,5.0,ISR,i,322682.0,,male,-99.0,,0.0001054,2004.0,2004.0
908,14.0,10.0,ISR,i,301790.0,,male,-99.0,,0.0001458,2004.0,2004.0
909,19.0,15.0,ISR,i,291941.0,,male,-99.0,,0.0002398,2004.0,2004.0
910,24.0,20.0,ISR,i,283103.0,,male,-99.0,,0.0003532,2004.0,2004.0
911,29.0,25.0,ISR,i,273143.0,,male,-99.0,,0.0005418,2004.0,2004.0
912,34.0,30.0,ISR,i,248470.0,,male,-99.0,,0.0005795,2004.0,2004.0
913,39.0,35.0,ISR,i,209583.0,,male,-99.0,,0.0007348,2004.0,2004.0
914,44.0,40.0,ISR,i,194537.0,,male,-99.0,,0.0009767,2004.0,2004.0
915,49.0,45.0,ISR,i,186255.0,,male,-99.0,,0.0014926,2004.0,2004.0
916,54.0,50.0,ISR,i,180553.0,,male,-99.0,,0.0010745,2004.0,2004.0
917,59.0,55.0,ISR,i,150759.0,,male,-99.0,,0.0010613,2004.0,2004.0
918,64.0,60.0,ISR,i,94688.0,,male,-99.0,,0.0017531,2004.0,2004.0
919,69.0,65.0,ISR,i,93734.0,,male,-99.0,,0.0014509,2004.0,2004.0
920,74.0,70.0,ISR,i,73703.0,,male,-99.0,,0.0019809,2004.0,2004.0
921,79.0,75.0,ISR,i,57929.0,,male,-99.0,,0.0021751,2004.0,2004.0
922,100.0,80.0,ISR,i,67286.0,,male,-99.0,,0.0008917,2004.0,2004.0
923,4.0,0.0,ISR,i,353221.0,,male,-99.0,,0.0001529,2005.0,2005.0
924,9.0,5.0,ISR,i,330378.0,,male,-99.0,,6.66e-05,2005.0,2005.0
925,14.0,10.0,ISR,i,304655.0,,male,-99.0,,0.0002101,2005.0,2005.0
926,19.0,15.0,ISR,i,293445.0,,male,-99.0,,0.0002249,2005.0,2005.0
927,24.0,20.0,ISR,i,286293.0,,male,-99.0,,0.0003633,2005.0,2005.0
928,29.0,25.0,ISR,i,274666.0,,male,-99.0,,0.0004078,2005.0,2005.0
929,34.0,30.0,ISR,i,255925.0,,male,-99.0,,0.0006564,2005.0,2005.0
930,39.0,35.0,ISR,i,215678.0,,male,-99.0,,0.0008253,2005.0,2005.0
931,44.0,40.0,ISR,i,196395.0,,male,-99.0,,0.0010387,2005.0,2005.0
932,49.0,45.0,ISR,i,188197.0,,male,-99.0,,0.001626,2005.0,2005.0
933,54.0,50.0,ISR,i,182550.0,,male,-99.0,,0.0011175,2005.0,2005.0
934,59.0,55.0,ISR,i,160712.0,,male,-99.0,,0.0009458,2005.0,2005.0
935,64.0,60.0,ISR,i,98236.0,,male,-99.0,,0.0016898,2005.0,2005.0
936,69.0,65.0,ISR,i,94875.0,,male,-99.0,,0.0016864,2005.0,2005.0
937,74.0,70.0,ISR,i,74589.0,,male,-99.0,,0.002306,2005.0,2005.0
938,79.0,75.0,ISR,i,58838.0,,male,-99.0,,0.0016996,2005.0,2005.0
939,100.0,80.0,ISR,i,69893.0,,male,-99.0,,0.0010874,2005.0,2005.0
940,4.0,0.0,ITA,i,1331653.0,,male,-99.0,,3.9e-05,2002.0,2002.0
941,9.0,5.0,ITA,i,1369398.0,,male,-99.0,,5.7e-05,2002.0,2002.0
942,14.0,10.0,ITA,i,1454540.0,,male,-99.0,,9.9e-05,2002.0,2002.0
943,19.0,15.0,ITA,i,1497389.0,,male,-99.0,,0.0001696,2002.0,2002.0
944,24.0,20.0,ITA,i,1700124.0,,male,-99.0,,0.0002388,2002.0,2002.0
945,29.0,25.0,ITA,i,2105044.0,,male,-99.0,,0.0002974,2002.0,2002.0
946,34.0,30.0,ITA,i,2291657.0,,male,-99.0,,0.0005708,2002.0,2002.0
947,39.0,35.0,ITA,i,2352289.0,,male,-99.0,,0.0007763,2002.0,2002.0
948,44.0,40.0,ITA,i,2077844.0,,male,-99.0,,0.000951,2002.0,2002.0
949,49.0,45.0,ITA,i,1874723.0,,male,-99.0,,0.001086,2002.0,2002.0
950,54.0,50.0,ITA,i,1868325.0,,male,-99.0,,0.0011711,2002.0,2002.0
951,59.0,55.0,ITA,i,1661169.0,,male,-99.0,,0.0013304,2002.0,2002.0
952,64.0,60.0,ITA,i,1644938.0,,male,-99.0,,0.0015733,2002.0,2002.0
953,69.0,65.0,ITA,i,1433071.0,,male,-99.0,,0.0018729,2002.0,2002.0
954,74.0,70.0,ITA,i,1236420.0,,male,-99.0,,0.0020495,2002.0,2002.0
955,79.0,75.0,ITA,i,920600.0,,male,-99.0,,0.0028003,2002.0,2002.0
956,100.0,80.0,ITA,i,844003.0,,male,-99.0,,0.0036208,2002.0,2002.0
957,4.0,0.0,ITA,i,1345951.0,,male,-99.0,,4.61e-05,2003.0,2003.0
958,9.0,5.0,ITA,i,1365927.0,,male,-99.0,,5.56e-05,2003.0,2003.0
959,14.0,10.0,ITA,i,1462094.0,,male,-99.0,,8.21e-05,2003.0,2003.0
960,19.0,15.0,ITA,i,1483004.0,,male,-99.0,,0.000143,2003.0,2003.0
961,24.0,20.0,ITA,i,1665874.0,,male,-99.0,,0.0002077,2003.0,2003.0
962,29.0,25.0,ITA,i,2062590.0,,male,-99.0,,0.0003559,2003.0,2003.0
963,34.0,30.0,ITA,i,2307338.0,,male,-99.0,,0.0005764,2003.0,2003.0
964,39.0,35.0,ITA,i,2396942.0,,male,-99.0,,0.0007493,2003.0,2003.0
965,44.0,40.0,ITA,i,2151712.0,,male,-99.0,,0.0009332,2003.0,2003.0
966,49.0,45.0,ITA,i,1915539.0,,male,-99.0,,0.001042,2003.0,2003.0
967,54.0,50.0,ITA,i,1838027.0,,male,-99.0,,0.0011425,2003.0,2003.0
968,59.0,55.0,ITA,i,1732437.0,,male,-99.0,,0.0013403,2003.0,2003.0
969,64.0,60.0,ITA,i,1626874.0,,male,-99.0,,0.0014974,2003.0,2003.0
970,69.0,65.0,ITA,i,1462483.0,,male,-99.0,,0.0018366,2003.0,2003.0
971,74.0,70.0,ITA,i,1250896.0,,male,-99.0,,0.0021617,2003.0,2003.0
972,79.0,75.0,ITA,i,941406.0,,male,-99.0,,0.0027809,2003.0,2003.0
973,100.0,80.0,ITA,i,888602.0,,male,-99.0,,0.0038285,2003.0,2003.0
974,4.0,0.0,ITA,i,1367717.0,,male,-99.0,,5.26e-05,2004.0,2004.0
975,9.0,5.0,ITA,i,1375452.0,,male,-99.0,,4.94e-05,2004.0,2004.0
976,14.0,10.0,ITA,i,1458789.0,,male,-99.0,,7.54e-05,2004.0,2004.0
977,19.0,15.0,ITA,i,1483714.0,,male,-99.0,,0.0001698,2004.0,2004.0
978,24.0,20.0,ITA,i,1647816.0,,male,-99.0,,0.0002015,2004.0,2004.0
979,29.0,25.0,ITA,i,2022737.0,,male,-99.0,,0.0003658,2004.0,2004.0
980,34.0,30.0,ITA,i,2332019.0,,male,-99.0,,0.0005617,2004.0,2004.0
981,39.0,35.0,ITA,i,2428340.0,,male,-99.0,,0.0008269,2004.0,2004.0
982,44.0,40.0,ITA,i,2242233.0,,male,-99.0,,0.0009134,2004.0,2004.0
983,49.0,45.0,ITA,i,1963141.0,,male,-99.0,,0.0010463,2004.0,2004.0
984,54.0,50.0,ITA,i,1826157.0,,male,-99.0,,0.001208,2004.0,2004.0
985,59.0,55.0,ITA,i,1803053.0,,male,-99.0,,0.0013144,2004.0,2004.0
986,64.0,60.0,ITA,i,1592594.0,,male,-99.0,,0.0015899,2004.0,2004.0
987,69.0,65.0,ITA,i,1499320.0,,male,-99.0,,0.0018622,2004.0,2004.0
988,74.0,70.0,ITA,i,1266257.0,,male,-99.0,,0.0022823,2004.0,2004.0
989,79.0,75.0,ITA,i,958505.0,,male,-99.0,,0.002796,2004.0,2004.0
990,100.0,80.0,ITA,i,934714.0,,male,-99.0,,0.0035883,2004.0,2004.0
991,4.0,0.0,ITA,i,1382912.0,,male,-99.0,,5.21e-05,2005.0,2005.0
992,9.0,5.0,ITA,i,1391399.0,,male,-99.0,,5.03e-05,2005.0,2005.0
993,14.0,10.0,ITA,i,1452130.0,,male,-99.0,,0.0001019,2005.0,2005.0
994,19.0,15.0,ITA,i,1490599.0,,male,-99.0,,0.0001261,2005.0,2005.0
995,24.0,20.0,ITA,i,1625679.0,,male,-99.0,,0.0002276,2005.0,2005.0
996,29.0,25.0,ITA,i,1961855.0,,male,-99.0,,0.0003782,2005.0,2005.0
997,34.0,30.0,ITA,i,2336434.0,,male,-99.0,,0.0005607,2005.0,2005.0
998,39.0,35.0,ITA,i,2432490.0,,male,-99.0,,0.0007786,2005.0,2005.0
999,44.0,40.0,ITA,i,2326528.0,,male,-99.0,,0.0009473,2005.0,2005.0
1000,49.0,45.0,ITA,i,2013170.0,,male,-99.0,,0.0010004,2005.0,2005.0
1001,54.0,50.0,ITA,i,1832875.0,,male,-99.0,,0.0011381,2005.0,2005.0
1002,59.0,55.0,ITA,i,1867956.0,,male,-99.0,,0.0013073,2005.0,2005.0
1003,64.0,60.0,ITA,i,1545688.0,,male,-99.0,,0.0015035,2005.0,2005.0
1004,69.0,65.0,ITA,i,1534700.0,,male,-99.0,,0.0018896,2005.0,2005.0
1005,74.0,70.0,ITA,i,1275136.0,,male,-99.0,,0.0022633,2005.0,2005.0
1006,79.0,75.0,ITA,i,982256.0,,male,-99.0,,0.0026979,2005.0,2005.0
1007,100.0,80.0,ITA,i,980079.0,,male,-99.0,,0.0035201,2005.0,2005.0
1008,4.0,0.0,NLD,i,510886.0,,male,-99.0,,7.83e-06,2004.0,2004.0
1009,9.0,5.0,NLD,i,505206.0,,male,-99.0,,4.35e-05,2004.0,2004.0
1010,14.0,10.0,NLD,i,516177.0,,male,-99.0,,1.55e-05,2004.0,2004.0
1011,19.0,15.0,NLD,i,499000.0,,male,-99.0,,8.42e-05,2004.0,2004.0
1012,24.0,20.0,NLD,i,489831.0,,male,-99.0,,0.0001307,2004.0,2004.0
1013,29.0,25.0,NLD,i,502647.0,,male,-99.0,,0.0002706,2004.0,2004.0
1014,34.0,30.0,NLD,i,615732.0,,male,-99.0,,0.0004807,2004.0,2004.0
1015,39.0,35.0,NLD,i,668784.0,,male,-99.0,,0.0007357,2004.0,2004.0
1016,44.0,40.0,NLD,i,659044.0,,male,-99.0,,0.000962,2004.0,2004.0
1017,49.0,45.0,NLD,i,601236.0,,male,-99.0,,0.0012341,2004.0,2004.0
1018,54.0,50.0,NLD,i,562996.0,,male,-99.0,,0.001357,2004.0,2004.0
1019,59.0,55.0,NLD,i,556265.0,,male,-99.0,,0.0014489,2004.0,2004.0
1020,64.0,60.0,NLD,i,405927.0,,male,-99.0,,0.001148,2004.0,2004.0
1021,69.0,65.0,NLD,i,324626.0,,male,-99.0,,0.0015957,2004.0,2004.0
1022,74.0,70.0,NLD,i,261836.0,,male,-99.0,,0.0011992,2004.0,2004.0
1023,79.0,75.0,NLD,i,187974.0,,male,-99.0,,0.00183,2004.0,2004.0
1024,100.0,80.0,NLD,i,178997.0,,male,-99.0,,0.0013185,2004.0,2004.0
1025,4.0,0.0,NLD,i,502915.0,,male,-99.0,,1.19e-05,2005.0,2005.0
1026,9.0,5.0,NLD,i,508316.0,,male,-99.0,,3.93e-06,2005.0,2005.0
1027,14.0,10.0,NLD,i,513548.0,,male,-99.0,,5.06e-05,2005.0,2005.0
1028,19.0,15.0,NLD,i,503327.0,,male,-99.0,,0.0001113,2005.0,2005.0
1029,24.0,20.0,NLD,i,488761.0,,male,-99.0,,0.0001719,2005.0,2005.0
1030,29.0,25.0,NLD,i,497626.0,,male,-99.0,,0.0002733,2005.0,2005.0
1031,34.0,30.0,NLD,i,581016.0,,male,-99.0,,0.0004131,2005.0,2005.0
1032,39.0,35.0,NLD,i,664898.0,,male,-99.0,,0.0006317,2005.0,2005.0
1033,44.0,40.0,NLD,i,664505.0,,male,-99.0,,0.000915,2005.0,2005.0
1034,49.0,45.0,NLD,i,609876.0,,male,-99.0,,0.0011871,2005.0,2005.0
1035,54.0,50.0,NLD,i,563302.0,,male,-99.0,,0.0014237,2005.0,2005.0
1036,59.0,55.0,NLD,i,571724.0,,male,-99.0,,0.0013083,2005.0,2005.0
1037,64.0,60.0,NLD,i,417071.0,,male,-99.0,,0.001055,2005.0,2005.0
1038,69.0,65.0,NLD,i,333784.0,,male,-99.0,,0.0015998,2005.0,2005.0
1039,74.0,70.0,NLD,i,264989.0,,male,-99.0,,0.0014567,2005.0,2005.0
1040,79.0,75.0,NLD,i,192817.0,,male,-99.0,,0.0015144,2005.0,2005.0
1041,100.0,80.0,NLD,i,185120.0,,male,-99.0,,0.0017178,2005.0,2005.0
1042,4.0,0.0,NOR,i,148242.0,,male,-99.0,,1.35e-05,2002.0,2002.0
1043,9.0,5.0,NOR,i,158441.0,,male,-99.0,,6.31e-06,2002.0,2002.0
1044,14.0,10.0,NOR,i,156823.0,,male,-99.0,,2.55e-05,2002.0,2002.0
1045,19.0,15.0,NOR,i,138734.0,,male,-99.0,,7.21e-05,2002.0,2002.0
1046,24.0,20.0,NOR,i,139002.0,,male,-99.0,,8.63e-05,2002.0,2002.0
1047,29.0,25.0,NOR,i,156778.0,,male,-99.0,,0.000185,2002.0,2002.0
1048,34.0,30.0,NOR,i,178796.0,,male,-99.0,,0.0002964,2002.0,2002.0
1049,39.0,35.0,NOR,i,175342.0,,male,-99.0,,0.0005874,2002.0,2002.0
1050,44.0,40.0,NOR,i,163602.0,,male,-99.0,,0.0005685,2002.0,2002.0
1051,49.0,45.0,NOR,i,158100.0,,male,-99.0,,0.0009235,2002.0,2002.0
1052,54.0,50.0,NOR,i,153081.0,,male,-99.0,,0.0009537,2002.0,2002.0
1053,59.0,55.0,NOR,i,141720.0,,male,-99.0,,0.0010655,2002.0,2002.0
1054,64.0,60.0,NOR,i,96402.0,,male,-99.0,,0.0012448,2002.0,2002.0
1055,69.0,65.0,NOR,i,77749.0,,male,-99.0,,0.0009775,2002.0,2002.0
1056,74.0,70.0,NOR,i,72911.0,,male,-99.0,,0.0009601,2002.0,2002.0
1057,79.0,75.0,NOR,i,62743.0,,male,-99.0,,0.0011635,2002.0,2002.0
1058,100.0,80.0,NOR,i,68080.0,,male,-99.0,,0.0014395,2002.0,2002.0
1059,9.0,5.0,NOR,i,158205.0,,male,-99.0,,1.26e-05,2003.0,2003.0
1060,14.0,10.0,NOR,i,159617.0,,male,-99.0,,1.25e-05,2003.0,2003.0
1061,19.0,15.0,NOR,i,141542.0,,male,-99.0,,4.24e-05,2003.0,2003.0
1062,24.0,20.0,NOR,i,139355.0,,male,-99.0,,0.000122,2003.0,2003.0
1063,29.0,25.0,NOR,i,151621.0,,male,-99.0,,0.0001055,2003.0,2003.0
1064,34.0,30.0,NOR,i,177358.0,,male,-99.0,,0.0003045,2003.0,2003.0
1065,39.0,35.0,NOR,i,178154.0,,male,-99.0,,0.0004547,2003.0,2003.0
1066,44.0,40.0,NOR,i,164715.0,,male,-99.0,,0.0007164,2003.0,2003.0
1067,49.0,45.0,NOR,i,159087.0,,male,-99.0,,0.0007543,2003.0,2003.0
1068,54.0,50.0,NOR,i,152088.0,,male,-99.0,,0.0009271,2003.0,2003.0
1069,59.0,55.0,NOR,i,148483.0,,male,-99.0,,0.0011921,2003.0,2003.0
1070,64.0,60.0,NOR,i,101109.0,,male,-99.0,,0.0008703,2003.0,2003.0
1071,69.0,65.0,NOR,i,78513.0,,male,-99.0,,0.0010954,2003.0,2003.0
1072,74.0,70.0,NOR,i,72212.0,,male,-99.0,,0.0011632,2003.0,2003.0
1073,79.0,75.0,NOR,i,61607.0,,male,-99.0,,0.0011687,2003.0,2003.0
1074,100.0,80.0,NOR,i,69709.0,,male,-99.0,,0.0011189,2003.0,2003.0
1075,14.0,10.0,NOR,i,160591.0,,male,-99.0,,1.87e-05,2004.0,2004.0
1076,19.0,15.0,NOR,i,145926.0,,male,-99.0,,6.17e-05,2004.0,2004.0
1077,24.0,20.0,NOR,i,139141.0,,male,-99.0,,6.47e-05,2004.0,2004.0
1078,29.0,25.0,NOR,i,147700.0,,male,-99.0,,0.0001219,2004.0,2004.0
1079,34.0,30.0,NOR,i,174313.0,,male,-99.0,,0.0003098,2004.0,2004.0
1080,39.0,35.0,NOR,i,180378.0,,male,-99.0,,0.0004657,2004.0,2004.0
1081,44.0,40.0,NOR,i,166444.0,,male,-99.0,,0.0006248,2004.0,2004.0
1082,49.0,45.0,NOR,i,160419.0,,male,-99.0,,0.0007231,2004.0,2004.0
1083,54.0,50.0,NOR,i,151895.0,,male,-99.0,,0.0010599,2004.0,2004.0
1084,59.0,55.0,NOR,i,151914.0,,male,-99.0,,0.0010137,2004.0,2004.0
1085,64.0,60.0,NOR,i,107740.0,,male,-99.0,,0.0010952,2004.0,2004.0
1086,69.0,65.0,NOR,i,80662.0,,male,-99.0,,0.0009298,2004.0,2004.0
1087,74.0,70.0,NOR,i,71059.0,,male,-99.0,,0.0012666,2004.0,2004.0
1088,79.0,75.0,NOR,i,60791.0,,male,-99.0,,0.0009541,2004.0,2004.0
1089,100.0,80.0,NOR,i,71571.0,,male,-99.0,,0.0014252,2004.0,2004.0
1090,9.0,5.0,NOR,i,157303.0,,male,-99.0,,6.36e-06,2005.0,2005.0
1091,14.0,10.0,NOR,i,160998.0,,male,-99.0,,1.86e-05,2005.0,2005.0
1092,19.0,15.0,NOR,i,150893.0,,male,-99.0,,7.29e-05,2005.0,2005.0
1093,24.0,20.0,NOR,i,139318.0,,male,-99.0,,0.0001364,2005.0,2005.0
1094,29.0,25.0,NOR,i,145397.0,,male,-99.0,,8.25e-05,2005.0,2005.0
1095,34.0,30.0,NOR,i,171158.0,,male,-99.0,,0.0002395,2005.0,2005.0
1096,39.0,35.0,NOR,i,181366.0,,male,-99.0,,0.0004742,2005.0,2005.0
1097,44.0,40.0,NOR,i,169465.0,,male,-99.0,,0.0005547,2005.0,2005.0
1098,49.0,45.0,NOR,i,161612.0,,male,-99.0,,0.0005631,2005.0,2005.0
1099,54.0,50.0,NOR,i,152708.0,,male,-99.0,,0.0010674,2005.0,2005.0
1100,59.0,55.0,NOR,i,152830.0,,male,-99.0,,0.0010404,2005.0,2005.0
1101,64.0,60.0,NOR,i,115679.0,,male,-99.0,,0.0012794,2005.0,2005.0
1102,69.0,65.0,NOR,i,83825.0,,male,-99.0,,0.0012645,2005.0,2005.0
1103,74.0,70.0,NOR,i,69688.0,,male,-99.0,,0.0009184,2005.0,2005.0
1104,79.0,75.0,NOR,i,60437.0,,male,-99.0,,0.0013899,2005.0,2005.0
1105,100.0,80.0,NOR,i,73137.0,,male,-99.0,,0.0014904,2005.0,2005.0
1106,9.0,5.0,PRT,i,272675.0,,male,-99.0,,2.2e-05,2004.0,2004.0
1107,14.0,10.0,PRT,i,285883.0,,male,-99.0,,1.4e-05,2004.0,2004.0
1108,19.0,15.0,PRT,i,310248.0,,male,-99.0,,4.83e-05,2004.0,2004.0
1109,24.0,20.0,PRT,i,373952.0,,male,-99.0,,7.49e-05,2004.0,2004.0
1110,29.0,25.0,PRT,i,419011.0,,male,-99.0,,0.0002888,2004.0,2004.0
1111,34.0,30.0,PRT,i,404851.0,,male,-99.0,,0.0005064,2004.0,2004.0
1112,39.0,35.0,PRT,i,385146.0,,male,-99.0,,0.0007192,2004.0,2004.0
1113,44.0,40.0,PRT,i,380010.0,,male,-99.0,,0.0008026,2004.0,2004.0
1114,49.0,45.0,PRT,i,349452.0,,male,-99.0,,0.0008442,2004.0,2004.0
1115,54.0,50.0,PRT,i,325367.0,,male,-99.0,,0.0006823,2004.0,2004.0
1116,59.0,55.0,PRT,i,292824.0,,male,-99.0,,0.0007035,2004.0,2004.0
1117,64.0,60.0,PRT,i,251783.0,,male,-99.0,,0.0008539,2004.0,2004.0
1118,69.0,65.0,PRT,i,243523.0,,male,-99.0,,0.0010512,2004.0,2004.0
1119,74.0,70.0,PRT,i,209374.0,,male,-99.0,,0.0015284,2004.0,2004.0
1120,79.0,75.0,PRT,i,150073.0,,male,-99.0,,0.0020723,2004.0,2004.0
1121,100.0,80.0,PRT,i,140356.0,,male,-99.0,,0.0028143,2004.0,2004.0
1122,4.0,0.0,PRT,i,281039.0,,male,-99.0,,3.56e-06,2005.0,2005.0
1123,14.0,10.0,PRT,i,282871.0,,male,-99.0,,7.07e-06,2005.0,2005.0
1124,19.0,15.0,PRT,i,303553.0,,male,-99.0,,2.64e-05,2005.0,2005.0
1125,24.0,20.0,PRT,i,363808.0,,male,-99.0,,8.52e-05,2005.0,2005.0
1126,29.0,25.0,PRT,i,413164.0,,male,-99.0,,0.0002904,2005.0,2005.0
1127,34.0,30.0,PRT,i,414387.0,,male,-99.0,,0.0004199,2005.0,2005.0
1128,39.0,35.0,PRT,i,387466.0,,male,-99.0,,0.0006865,2005.0,2005.0
1129,44.0,40.0,PRT,i,385109.0,,male,-99.0,,0.0007401,2005.0,2005.0
1130,49.0,45.0,PRT,i,355779.0,,male,-99.0,,0.0008488,2005.0,2005.0
1131,54.0,50.0,PRT,i,328657.0,,male,-99.0,,0.0008885,2005.0,2005.0
1132,59.0,55.0,PRT,i,299527.0,,male,-99.0,,0.0007145,2005.0,2005.0
1133,64.0,60.0,PRT,i,256434.0,,male,-99.0,,0.0007565,2005.0,2005.0
1134,69.0,65.0,PRT,i,242266.0,,male,-99.0,,0.0010154,2005.0,2005.0
1135,74.0,70.0,PRT,i,212561.0,,male,-99.0,,0.0014161,2005.0,2005.0
1136,79.0,75.0,PRT,i,152604.0,,male,-99.0,,0.0023722,2005.0,2005.0
1137,100.0,80.0,PRT,i,145384.0,,male,-99.0,,0.0026826,2005.0,2005.0
1138,14.0,10.0,europe_western,m_all,,,male,-99.0,,0.0002461,1990.0,1990.0
1139,0.0,0.0,europe_western,m_all,,,male,-99.0,,0.008814,1990.0,1990.0
1140,4.0,1.0,europe_western,m_all,,,male,-99.0,,0.0004388,1990.0,1990.0
1141,9.0,5.0,europe_western,m_all,,,male,-99.0,,0.0002318,1990.0,1990.0
1142,19.0,15.0,europe_western,m_all,,,male,-99.0,,0.0008273,1990.0,1990.0
1143,24.0,20.0,europe_western,m_all,,,male,-99.0,,0.0012061,1990.0,1990.0
1144,29.0,25.0,europe_western,m_all,,,male,-99.0,,0.0012871,1990.0,1990.0
1145,34.0,30.0,europe_western,m_all,,,male,-99.0,,0.0014651,1990.0,1990.0
1146,39.0,35.0,europe_western,m_all,,,male,-99.0,,0.0018316,1990.0,1990.0
1147,44.0,40.0,europe_western,m_all,,,male,-99.0,,0.0026048,1990.0,1990.0
1148,49.0,45.0,europe_western,m_all,,,male,-99.0,,0.0041525,1990.0,1990.0
1149,54.0,50.0,europe_western,m_all,,,male,-99.0,,0.0066943,1990.0,1990.0
1150,59.0,55.0,europe_western,m_all,,,male,-99.0,,0.011057,1990.0,1990.0
1151,64.0,60.0,europe_western,m_all,,,male,-99.0,,0.0177241,1990.0,1990.0
1152,69.0,65.0,europe_western,m_all,,,male,-99.0,,0.0281515,1990.0,1990.0
1153,74.0,70.0,europe_western,m_all,,,male,-99.0,,0.0439646,1990.0,1990.0
1154,79.0,75.0,europe_western,m_all,,,male,-99.0,,0.0713805,1990.0,1990.0
1155,84.0,80.0,europe_western,m_all,,,male,-99.0,,0.1166604,1990.0,1990.0
1156,89.0,85.0,europe_western,m_all,,,male,-99.0,,0.1814522,1990.0,1990.0
1157,94.0,90.0,europe_western,m_all,,,male,-99.0,,0.27441,1990.0,1990.0
1158,99.0,95.0,europe_western,m_all,,,male,-99.0,,0.3883617,1990.0,1990.0
1159,101.0,100.0,europe_western,m_all,,,male,-99.0,,0.5263829,1990.0,1990.0
1160,0.0,0.0,europe_western,m_all,,,male,-99.0,,0.0044268,2005.0,2005.0
1161,4.0,1.0,europe_western,m_all,,,male,-99.0,,0.0002258,2005.0,2005.0
1162,9.0,5.0,europe_western,m_all,,,male,-99.0,,0.0001156,2005.0,2005.0
1163,14.0,10.0,europe_western,m_all,,,male,-99.0,,0.0001417,2005.0,2005.0
1164,19.0,15.0,europe_western,m_all,,,male,-99.0,,0.0004983,2005.0,2005.0
1165,24.0,20.0,europe_western,m_all,,,male,-99.0,,0.0007612,2005.0,2005.0
1166,29.0,25.0,europe_western,m_all,,,male,-99.0,,0.0007823,2005.0,2005.0
1167,34.0,30.0,europe_western,m_all,,,male,-99.0,,0.0009215,2005.0,2005.0
1168,39.0,35.0,europe_western,m_all,,,male,-99.0,,0.0012677,2005.0,2005.0
1169,44.0,40.0,europe_western,m_all,,,male,-99.0,,0.0019776,2005.0,2005.0
1170,49.0,45.0,europe_western,m_all,,,male,-99.0,,0.0032333,2005.0,2005.0
1171,54.0,50.0,europe_western,m_all,,,male,-99.0,,0.0050881,2005.0,2005.0
1172,59.0,55.0,europe_western,m_all,,,male,-99.0,,0.0076868,2005.0,2005.0
1173,64.0,60.0,europe_western,m_all,,,male,-99.0,,0.0118598,2005.0,2005.0
1174,69.0,65.0,europe_western,m_all,,,male,-99.0,,0.0187722,2005.0,2005.0
1175,74.0,70.0,europe_western,m_all,,,male,-99.0,,0.030779,2005.0,2005.0
1176,79.0,75.0,europe_western,m_all,,,male,-99.0,,0.0515803,2005.0,2005.0
1177,84.0,80.0,europe_western,m_all,,,male,-99.0,,0.0881659,2005.0,2005.0
1178,89.0,85.0,europe_western,m_all,,,male,-99.0,,0.1495714,2005.0,2005.0
1179,94.0,90.0,europe_western,m_all,,,male,-99.0,,0.2430525,2005.0,2005.0
1180,99.0,95.0,europe_western,m_all,,,male,-99.0,,0.3613246,2005.0,2005.0
1181,101.0,100.0,europe_western,m_all,,,male,-99.0,,0.5099537,2005.0,2005.0
